user_id,course_id_1,course_id_2,course_id_3
78,0,0,0
81,0,0,0
120,0,0,0
123,0,0,0
150,0,0,0
170,0,0,0
171,0,0,0
188,0,0,0
246,0,0,0
259,0,0,0
296,0,0,0
307,0,0,0
309,0,0,0
328,0,0,0
340,0,0,0
343,0,0,0
344,0,0,0
356,0,0,0
361,0,0,0
363,0,0,0
368,0,0,0
374,0,0,0
396,0,0,0
406,0,0,0
460,0,0,0
488,0,0,0
513,0,0,0
526,0,0,0
529,0,0,0
545,0,0,0
548,0,0,0
549,0,0,0
555,0,0,0
556,0,0,0
563,0,0,0
566,0,0,0
570,0,0,0
581,0,0,0
582,0,0,0
597,0,0,0
606,0,0,0
612,0,0,0
613,0,0,0
616,0,0,0
626,0,0,0
680,0,0,0
693,0,0,0
704,0,0,0
723,0,0,0
727,0,0,0
800,0,0,0
805,0,0,0
812,0,0,0
828,0,0,0
843,0,0,0
849,0,0,0
894,0,0,0
901,0,0,0
904,0,0,0
969,0,0,0
1038,0,0,0
1100,0,0,0
1104,0,0,0
1158,0,0,0
1279,0,0,0
1286,0,0,0
1338,0,0,0
1352,0,0,0
1356,0,0,0
1361,0,0,0
1393,0,0,0
1395,0,0,0
1456,0,0,0
1466,0,0,0
1478,0,0,0
1483,0,0,0
1491,0,0,0
1516,0,0,0
1570,0,0,0
1573,0,0,0
1596,0,0,0
1631,0,0,0
1644,0,0,0
1650,0,0,0
1667,0,0,0
1697,0,0,0
1702,0,0,0
1710,0,0,0
1716,0,0,0
1717,0,0,0
1722,0,0,0
1730,0,0,0
1736,0,0,0
1737,0,0,0
1759,0,0,0
1762,0,0,0
1774,0,0,0
1776,0,0,0
1804,0,0,0
1844,0,0,0
1866,0,0,0
1894,0,0,0
1900,0,0,0
1954,0,0,0
1979,0,0,0
2003,0,0,0
2011,0,0,0
2016,0,0,0
2036,0,0,0
2093,0,0,0
2145,0,0,0
2149,0,0,0
2169,0,0,0
2243,0,0,0
2245,0,0,0
2287,0,0,0
2290,0,0,0
2340,0,0,0
2354,0,0,0
2376,0,0,0
2422,0,0,0
2451,0,0,0
2459,0,0,0
2465,0,0,0
2509,0,0,0
2622,0,0,0
2633,0,0,0
2639,0,0,0
2647,0,0,0
2667,0,0,0
2675,0,0,0
2679,0,0,0
2680,0,0,0
2684,0,0,0
2724,0,0,0
2725,0,0,0
2755,0,0,0
2762,0,0,0
2763,0,0,0
2785,0,0,0
2819,0,0,0
2820,0,0,0
2860,0,0,0
2888,0,0,0
2908,0,0,0
2918,0,0,0
2932,0,0,0
2949,0,0,0
2960,0,0,0
2994,0,0,0
3017,0,0,0
3018,0,0,0
3025,0,0,0
3091,0,0,0
3105,0,0,0
3110,0,0,0
3117,0,0,0
3127,0,0,0
3139,0,0,0
3167,0,0,0
3177,0,0,0
3189,0,0,0
3193,0,0,0
3260,0,0,0
3359,0,0,0
3397,0,0,0
3399,0,0,0
3408,0,0,0
3414,0,0,0
3452,0,0,0
3475,0,0,0
3479,0,0,0
3480,0,0,0
3487,0,0,0
3492,0,0,0
3497,0,0,0
3516,0,0,0
3529,0,0,0
3532,0,0,0
3550,0,0,0
3590,0,0,0
3591,0,0,0
3611,0,0,0
3618,0,0,0
3629,0,0,0
3662,0,0,0
3675,0,0,0
3698,0,0,0
3769,0,0,0
3809,0,0,0
3811,0,0,0
3816,0,0,0
3821,0,0,0
3865,0,0,0
3871,0,0,0
3915,0,0,0
3942,0,0,0
3962,0,0,0
3966,0,0,0
3972,0,0,0
3995,0,0,0
4012,0,0,0
4025,0,0,0
4042,0,0,0
4079,0,0,0
4111,0,0,0
4127,0,0,0
4128,0,0,0
4129,0,0,0
4156,0,0,0
4181,0,0,0
4182,0,0,0
4200,0,0,0
4203,0,0,0
4207,0,0,0
4227,0,0,0
4271,0,0,0
4286,0,0,0
4289,0,0,0
4318,0,0,0
4325,0,0,0
4337,0,0,0
4348,0,0,0
4447,0,0,0
4450,0,0,0
4455,0,0,0
4464,0,0,0
4475,0,0,0
4476,0,0,0
4480,0,0,0
4484,0,0,0
4501,0,0,0
4507,0,0,0
4517,0,0,0
4533,0,0,0
4539,0,0,0
4548,0,0,0
4560,0,0,0
4573,0,0,0
4592,0,0,0
4597,0,0,0
4603,0,0,0
4604,0,0,0
4614,0,0,0
4638,0,0,0
4658,0,0,0
4668,0,0,0
4675,0,0,0
4683,0,0,0
4689,0,0,0
4691,0,0,0
4709,0,0,0
4787,0,0,0
4797,0,0,0
4805,0,0,0
4807,0,0,0
4808,0,0,0
4810,0,0,0
4828,0,0,0
4909,0,0,0
4919,0,0,0
4950,0,0,0
4975,0,0,0
4983,0,0,0
4988,0,0,0
4992,0,0,0
5005,0,0,0
5028,0,0,0
5040,0,0,0
5073,0,0,0
5087,0,0,0
5091,0,0,0
5133,0,0,0
5146,0,0,0
5162,0,0,0
5165,0,0,0
5184,0,0,0
5187,0,0,0
5189,0,0,0
5190,0,0,0
5200,0,0,0
5219,0,0,0
5233,0,0,0
5258,0,0,0
5282,0,0,0
5318,0,0,0
5323,0,0,0
5328,0,0,0
5333,0,0,0
5340,0,0,0
5355,0,0,0
5368,0,0,0
5373,0,0,0
5386,0,0,0
5418,0,0,0
5429,0,0,0
5432,0,0,0
5455,0,0,0
5477,0,0,0
5554,0,0,0
5557,0,0,0
5625,0,0,0
5628,0,0,0
5671,0,0,0
5677,0,0,0
5685,0,0,0
5704,0,0,0
5745,0,0,0
5749,0,0,0
5770,0,0,0
5789,0,0,0
5807,0,0,0
5879,0,0,0
5889,0,0,0
5919,0,0,0
5960,0,0,0
5984,0,0,0
5992,0,0,0
5998,0,0,0
6022,0,0,0
6054,0,0,0
6059,0,0,0
6117,0,0,0
6132,0,0,0
6161,0,0,0
6169,0,0,0
6260,0,0,0
6288,0,0,0
6304,0,0,0
6308,0,0,0
6318,0,0,0
6386,0,0,0
6388,0,0,0
6393,0,0,0
6400,0,0,0
6401,0,0,0
6414,0,0,0
6450,0,0,0
6480,0,0,0
6481,0,0,0
6538,0,0,0
6551,0,0,0
6559,0,0,0
6571,0,0,0
6596,0,0,0
6610,0,0,0
6616,0,0,0
6653,0,0,0
6752,0,0,0
6756,0,0,0
6760,0,0,0
6796,0,0,0
6835,0,0,0
6851,0,0,0
6867,0,0,0
6875,0,0,0
6883,0,0,0
6902,0,0,0
6927,0,0,0
6930,0,0,0
6948,0,0,0
6974,0,0,0
7005,0,0,0
7065,0,0,0
7067,0,0,0
7069,0,0,0
7147,0,0,0
7162,0,0,0
7164,0,0,0
7176,0,0,0
7219,0,0,0
7241,0,0,0
7246,0,0,0
7274,0,0,0
7286,0,0,0
7305,0,0,0
7358,0,0,0
7411,0,0,0
7490,0,0,0
7508,0,0,0
7530,0,0,0
7541,0,0,0
7567,0,0,0
7586,0,0,0
7588,0,0,0
7590,0,0,0
7591,0,0,0
7648,0,0,0
7673,0,0,0
7702,0,0,0
7703,0,0,0
7710,0,0,0
7759,0,0,0
7812,0,0,0
7874,0,0,0
7882,0,0,0
7883,0,0,0
7936,0,0,0
7971,0,0,0
7992,0,0,0
7998,0,0,0
8008,0,0,0
8015,0,0,0
8017,0,0,0
8020,0,0,0
8037,0,0,0
8048,0,0,0
8049,0,0,0
8058,0,0,0
8079,0,0,0
8151,0,0,0
8165,0,0,0
8170,0,0,0
8182,0,0,0
8196,0,0,0
8199,0,0,0
8218,0,0,0
8235,0,0,0
8240,0,0,0
8253,0,0,0
8266,0,0,0
8286,0,0,0
8303,0,0,0
8330,0,0,0
8338,0,0,0
8364,0,0,0
8369,0,0,0
8453,0,0,0
8468,0,0,0
8495,0,0,0
8501,0,0,0
8502,0,0,0
8546,0,0,0
8549,0,0,0
8582,0,0,0
8596,0,0,0
8600,0,0,0
8604,0,0,0
8656,0,0,0
8737,0,0,0
8800,0,0,0
8819,0,0,0
8824,0,0,0
8830,0,0,0
8836,0,0,0
8854,0,0,0
8909,0,0,0
8950,0,0,0
9026,0,0,0
9037,0,0,0
9093,0,0,0
9201,0,0,0
9225,0,0,0
9285,0,0,0
9303,0,0,0
9308,0,0,0
9319,0,0,0
9332,0,0,0
9344,0,0,0
9349,0,0,0
9358,0,0,0
9364,0,0,0
9376,0,0,0
9416,0,0,0
9430,0,0,0
9456,0,0,0
9466,0,0,0
9475,0,0,0
9482,0,0,0
9491,0,0,0
9509,0,0,0
9551,0,0,0
9565,0,0,0
9607,0,0,0
9638,0,0,0
9645,0,0,0
9661,0,0,0
9681,0,0,0
9727,0,0,0
9756,0,0,0
9799,0,0,0
9802,0,0,0
9813,0,0,0
9825,0,0,0
10007,0,0,0
10063,0,0,0
10067,0,0,0
10082,0,0,0
10166,0,0,0
10182,0,0,0
10244,0,0,0
10266,0,0,0
10421,0,0,0
10546,0,0,0
10560,0,0,0
10579,0,0,0
10597,0,0,0
10602,0,0,0
10611,0,0,0
10681,0,0,0
10684,0,0,0
10694,0,0,0
10715,0,0,0
10730,0,0,0
10733,0,0,0
10734,0,0,0
10735,0,0,0
10781,0,0,0
10836,0,0,0
10936,0,0,0
11026,0,0,0
11063,0,0,0
11072,0,0,0
11109,0,0,0
11126,0,0,0
11130,0,0,0
11286,0,0,0
11303,0,0,0
11342,0,0,0
11446,0,0,0
11462,0,0,0
11513,0,0,0
11516,0,0,0
11604,0,0,0
11605,0,0,0
11669,0,0,0
11704,0,0,0
11733,0,0,0
11742,0,0,0
11811,0,0,0
11923,0,0,0
11979,0,0,0
12050,0,0,0
12081,0,0,0
12154,0,0,0
12201,0,0,0
12204,0,0,0
12207,0,0,0
12211,0,0,0
12243,0,0,0
12250,0,0,0
12251,0,0,0
12272,0,0,0
12292,0,0,0
12318,0,0,0
12347,0,0,0
12355,0,0,0
12359,0,0,0
12405,0,0,0
12413,0,0,0
12446,0,0,0
12491,0,0,0
12492,0,0,0
12503,0,0,0
12519,0,0,0
12538,0,0,0
12564,0,0,0
12569,0,0,0
12578,0,0,0
12592,0,0,0
12603,0,0,0
12608,0,0,0
12611,0,0,0
12618,0,0,0
12629,0,0,0
12711,0,0,0
12733,0,0,0
12742,0,0,0
12756,0,0,0
12760,0,0,0
12762,0,0,0
12858,0,0,0
12873,0,0,0
12890,0,0,0
12909,0,0,0
12935,0,0,0
12939,0,0,0
12941,0,0,0
12972,0,0,0
12992,0,0,0
13040,0,0,0
13048,0,0,0
13051,0,0,0
13113,0,0,0
13122,0,0,0
13123,0,0,0
13126,0,0,0
13129,0,0,0
13148,0,0,0
13195,0,0,0
13236,0,0,0
13290,0,0,0
13302,0,0,0
13312,0,0,0
13319,0,0,0
13417,0,0,0
13451,0,0,0
13470,0,0,0
13473,0,0,0
13501,0,0,0
13543,0,0,0
13552,0,0,0
13553,0,0,0
13577,0,0,0
13641,0,0,0
13642,0,0,0
13664,0,0,0
13679,0,0,0
13683,0,0,0
13705,0,0,0
13708,0,0,0
13794,0,0,0
13829,0,0,0
13874,0,0,0
13888,0,0,0
13894,0,0,0
13969,0,0,0
14007,0,0,0
14064,0,0,0
14186,0,0,0
14203,0,0,0
14208,0,0,0
14212,0,0,0
14216,0,0,0
14227,0,0,0
14239,0,0,0
14337,0,0,0
14344,0,0,0
14357,0,0,0
14393,0,0,0
14568,0,0,0
14586,0,0,0
14654,0,0,0
14669,0,0,0
14725,0,0,0
14746,0,0,0
14759,0,0,0
14812,0,0,0
14913,0,0,0
14931,0,0,0
14938,0,0,0
14966,0,0,0
15052,0,0,0
15081,0,0,0
15124,0,0,0
15146,0,0,0
15175,0,0,0
15198,0,0,0
15213,0,0,0
15307,0,0,0
15322,0,0,0
15415,0,0,0
15464,0,0,0
15512,0,0,0
15638,0,0,0
15650,0,0,0
15674,0,0,0
15751,0,0,0
15761,0,0,0
15815,0,0,0
15818,0,0,0
15823,0,0,0
15902,0,0,0
15953,0,0,0
15955,0,0,0
16068,0,0,0
16219,0,0,0
16363,0,0,0
16388,0,0,0
16399,0,0,0
16441,0,0,0
16450,0,0,0
16457,0,0,0
16467,0,0,0
16558,0,0,0
16590,0,0,0
16666,0,0,0
16782,0,0,0
16792,0,0,0
16800,0,0,0
16808,0,0,0
16823,0,0,0
16834,0,0,0
16962,0,0,0
16971,0,0,0
16973,0,0,0
16986,0,0,0
16999,0,0,0
17000,0,0,0
17064,0,0,0
17114,0,0,0
17225,0,0,0
17378,0,0,0
17462,0,0,0
17497,0,0,0
17511,0,0,0
17551,0,0,0
17574,0,0,0
17602,0,0,0
17680,0,0,0
17700,0,0,0
17729,0,0,0
17767,0,0,0
17799,0,0,0
17841,0,0,0
17853,0,0,0
17871,0,0,0
17872,0,0,0
17890,0,0,0
17896,0,0,0
18074,0,0,0
18107,0,0,0
18122,0,0,0
18182,0,0,0
18254,0,0,0
18259,0,0,0
18269,0,0,0
18279,0,0,0
18315,0,0,0
18327,0,0,0
18333,0,0,0
18340,0,0,0
18364,0,0,0
18367,0,0,0
18553,0,0,0
18569,0,0,0
18692,0,0,0
18694,0,0,0
18709,0,0,0
18830,0,0,0
18861,0,0,0
18873,0,0,0
18902,0,0,0
18966,0,0,0
18969,0,0,0
18970,0,0,0
19000,0,0,0
19018,0,0,0
19042,0,0,0
19105,0,0,0
19150,0,0,0
19164,0,0,0
19184,0,0,0
19218,0,0,0
19253,0,0,0
19286,0,0,0
19318,0,0,0
19350,0,0,0
19368,0,0,0
19384,0,0,0
19409,0,0,0
19418,0,0,0
19468,0,0,0
19472,0,0,0
19511,0,0,0
19551,0,0,0
19572,0,0,0
19592,0,0,0
19621,0,0,0
19627,0,0,0
19662,0,0,0
19668,0,0,0
19703,0,0,0
19721,0,0,0
19729,0,0,0
19731,0,0,0
19738,0,0,0
19749,0,0,0
19853,0,0,0
19911,0,0,0
19942,0,0,0
19957,0,0,0
19992,0,0,0
20079,0,0,0
20096,0,0,0
20115,0,0,0
20128,0,0,0
20159,0,0,0
20177,0,0,0
20219,0,0,0
20222,0,0,0
20265,0,0,0
20381,0,0,0
20470,0,0,0
20544,0,0,0
20633,0,0,0
20721,0,0,0
20722,0,0,0
20740,0,0,0
20760,0,0,0
20774,0,0,0
20787,0,0,0
20789,0,0,0
20793,0,0,0
20804,0,0,0
20897,0,0,0
21020,0,0,0
21097,0,0,0
21118,0,0,0
21148,0,0,0
21160,0,0,0
21161,0,0,0
21185,0,0,0
21254,0,0,0
21305,0,0,0
21315,0,0,0
21371,0,0,0
21384,0,0,0
21411,0,0,0
21432,0,0,0
21449,0,0,0
21461,0,0,0
21512,0,0,0
21532,0,0,0
21623,0,0,0
21653,0,0,0
21674,0,0,0
21797,0,0,0
21844,0,0,0
21897,0,0,0
21961,0,0,0
22059,0,0,0
22071,0,0,0
22072,0,0,0
22096,0,0,0
22100,0,0,0
22170,0,0,0
22207,0,0,0
22215,0,0,0
22242,0,0,0
22246,0,0,0
22329,0,0,0
22337,0,0,0
22394,0,0,0
22589,0,0,0
22608,0,0,0
22643,0,0,0
22728,0,0,0
22768,0,0,0
22856,0,0,0
22913,0,0,0
22926,0,0,0
22931,0,0,0
22942,0,0,0
23042,0,0,0
23071,0,0,0
23090,0,0,0
23125,0,0,0
23142,0,0,0
23177,0,0,0
23186,0,0,0
23223,0,0,0
23244,0,0,0
23252,0,0,0
23290,0,0,0
23361,0,0,0
23401,0,0,0
23422,0,0,0
23472,0,0,0
23510,0,0,0
23530,0,0,0
23554,0,0,0
23556,0,0,0
23597,0,0,0
23603,0,0,0
23646,0,0,0
23664,0,0,0
23670,0,0,0
23702,0,0,0
23713,0,0,0
23755,0,0,0
23779,0,0,0
23806,0,0,0
23818,0,0,0
23847,0,0,0
23852,0,0,0
23867,0,0,0
23928,0,0,0
23940,0,0,0
23957,0,0,0
23995,0,0,0
24007,0,0,0
24022,0,0,0
24041,0,0,0
24066,0,0,0
24144,0,0,0
24249,0,0,0
24259,0,0,0
24328,0,0,0
24456,0,0,0
24470,0,0,0
24483,0,0,0
24507,0,0,0
24544,0,0,0
24572,0,0,0
24597,0,0,0
24613,0,0,0
24620,0,0,0
25018,0,0,0
25029,0,0,0
25196,0,0,0
25231,0,0,0
25239,0,0,0
25281,0,0,0
25364,0,0,0
25378,0,0,0
25421,0,0,0
25481,0,0,0
25500,0,0,0
25531,0,0,0
25533,0,0,0
25566,0,0,0
25583,0,0,0
25602,0,0,0
25674,0,0,0
25685,0,0,0
25763,0,0,0
25800,0,0,0
25832,0,0,0
25864,0,0,0
25924,0,0,0
25947,0,0,0
25988,0,0,0
25993,0,0,0
26008,0,0,0
26020,0,0,0
26084,0,0,0
26109,0,0,0
26135,0,0,0
26158,0,0,0
26179,0,0,0
26220,0,0,0
26356,0,0,0
26699,0,0,0
26704,0,0,0
26737,0,0,0
26776,0,0,0
26787,0,0,0
26838,0,0,0
26867,0,0,0
26900,0,0,0
26912,0,0,0
26953,0,0,0
26955,0,0,0
26966,0,0,0
26969,0,0,0
27029,0,0,0
27059,0,0,0
27079,0,0,0
27086,0,0,0
27089,0,0,0
27160,0,0,0
27161,0,0,0
27200,0,0,0
27215,0,0,0
27240,0,0,0
27243,0,0,0
27277,0,0,0
27303,0,0,0
27326,0,0,0
27342,0,0,0
27349,0,0,0
27388,0,0,0
27414,0,0,0
27483,0,0,0
27570,0,0,0
27584,0,0,0
27683,0,0,0
27687,0,0,0
27692,0,0,0
27712,0,0,0
27751,0,0,0
27780,0,0,0
27887,0,0,0
28086,0,0,0
28097,0,0,0
28117,0,0,0
28132,0,0,0
28147,0,0,0
28189,0,0,0
28200,0,0,0
28260,0,0,0
28293,0,0,0
28408,0,0,0
28433,0,0,0
28495,0,0,0
28515,0,0,0
28516,0,0,0
28526,0,0,0
28576,0,0,0
28613,0,0,0
28647,0,0,0
28665,0,0,0
28855,0,0,0
28924,0,0,0
28946,0,0,0
29047,0,0,0
29051,0,0,0
29071,0,0,0
29083,0,0,0
29150,0,0,0
29221,0,0,0
29301,0,0,0
29307,0,0,0
29316,0,0,0
29340,0,0,0
29365,0,0,0
29451,0,0,0
29667,0,0,0
29690,0,0,0
29704,0,0,0
29740,0,0,0
29764,0,0,0
29784,0,0,0
29832,0,0,0
29864,0,0,0
29919,0,0,0
29954,0,0,0
30013,0,0,0
30057,0,0,0
30073,0,0,0
30110,0,0,0
30139,0,0,0
30184,0,0,0
30185,0,0,0
30246,0,0,0
30282,0,0,0
30297,0,0,0
30363,0,0,0
30454,0,0,0
30481,0,0,0
30500,0,0,0
30518,0,0,0
30558,0,0,0
30693,0,0,0
30709,0,0,0
30728,0,0,0
30756,0,0,0
30771,0,0,0
30776,0,0,0
30884,0,0,0
30919,0,0,0
30977,0,0,0
31026,0,0,0
31058,0,0,0
31098,0,0,0
31125,0,0,0
31214,0,0,0
31225,0,0,0
31235,0,0,0
31236,0,0,0
31262,0,0,0
31274,0,0,0
31300,0,0,0
31491,0,0,0
31498,0,0,0
31510,0,0,0
31549,0,0,0
31614,0,0,0
31634,0,0,0
31682,0,0,0
31745,0,0,0
31770,0,0,0
31813,0,0,0
31873,0,0,0
31885,0,0,0
31893,0,0,0
31915,0,0,0
31924,0,0,0
31931,0,0,0
31972,0,0,0
31997,0,0,0
32148,0,0,0
32155,0,0,0
32188,0,0,0
32200,0,0,0
32213,0,0,0
32222,0,0,0
32256,0,0,0
32264,0,0,0
32312,0,0,0
32374,0,0,0
32391,0,0,0
32446,0,0,0
32447,0,0,0
32466,0,0,0
32533,0,0,0
32604,0,0,0
32647,0,0,0
32687,0,0,0
32712,0,0,0
32740,0,0,0
32814,0,0,0
32851,0,0,0
32981,0,0,0
33001,0,0,0
33055,0,0,0
33067,0,0,0
33148,0,0,0
33178,0,0,0
33194,0,0,0
33245,0,0,0
33277,0,0,0
33326,0,0,0
33374,0,0,0
33378,0,0,0
33514,0,0,0
33532,0,0,0
33560,0,0,0
33647,0,0,0
33657,0,0,0
33659,0,0,0
33684,0,0,0
33690,0,0,0
33702,0,0,0
33743,0,0,0
33821,0,0,0
33946,0,0,0
33949,0,0,0
33974,0,0,0
33990,0,0,0
34108,0,0,0
34184,0,0,0
34210,0,0,0
34265,0,0,0
34389,0,0,0
34435,0,0,0
34642,0,0,0
34711,0,0,0
34776,0,0,0
34838,0,0,0
34950,0,0,0
34958,0,0,0
34979,0,0,0
35010,0,0,0
35062,0,0,0
35094,0,0,0
35098,0,0,0
35140,0,0,0
35243,0,0,0
35280,0,0,0
35323,0,0,0
35405,0,0,0
35494,0,0,0
35540,0,0,0
35543,0,0,0
35654,0,0,0
35689,0,0,0
35727,0,0,0
35795,0,0,0
35830,0,0,0
35927,0,0,0
35967,0,0,0
35985,0,0,0
36015,0,0,0
36035,0,0,0
36103,0,0,0
36117,0,0,0
36125,0,0,0
36171,0,0,0
36205,0,0,0
36265,0,0,0
36278,0,0,0
36279,0,0,0
36310,0,0,0
36345,0,0,0
36498,0,0,0
36604,0,0,0
36676,0,0,0
36731,0,0,0
36767,0,0,0
36820,0,0,0
36840,0,0,0
36891,0,0,0
36898,0,0,0
36915,0,0,0
36961,0,0,0
36986,0,0,0
37035,0,0,0
37089,0,0,0
37125,0,0,0
37174,0,0,0
37248,0,0,0
37257,0,0,0
37299,0,0,0
37358,0,0,0
37366,0,0,0
37411,0,0,0
37455,0,0,0
37592,0,0,0
37639,0,0,0
37663,0,0,0
37719,0,0,0
37756,0,0,0
37809,0,0,0
37867,0,0,0
37947,0,0,0
37969,0,0,0
38028,0,0,0
38280,0,0,0
38286,0,0,0
38327,0,0,0
38330,0,0,0
38357,0,0,0
38383,0,0,0
38451,0,0,0
38483,0,0,0
38519,0,0,0
38575,0,0,0
38596,0,0,0
38616,0,0,0
38630,0,0,0
38659,0,0,0
38696,0,0,0
38733,0,0,0
38736,0,0,0
38792,0,0,0
38878,0,0,0
38884,0,0,0
39001,0,0,0
39089,0,0,0
39192,0,0,0
39229,0,0,0
39247,0,0,0
39329,0,0,0
39405,0,0,0
39445,0,0,0
39499,0,0,0
39505,0,0,0
39509,0,0,0
39537,0,0,0
39542,0,0,0
39551,0,0,0
39561,0,0,0
39566,0,0,0
39571,0,0,0
39572,0,0,0
39667,0,0,0
39717,0,0,0
39729,0,0,0
39737,0,0,0
39741,0,0,0
39767,0,0,0
39842,0,0,0
39884,0,0,0
39918,0,0,0
39947,0,0,0
39983,0,0,0
40027,0,0,0
40036,0,0,0
40133,0,0,0
40169,0,0,0
40198,0,0,0
40209,0,0,0
40248,0,0,0
40251,0,0,0
40254,0,0,0
40302,0,0,0
40387,0,0,0
40424,0,0,0
40426,0,0,0
40435,0,0,0
40445,0,0,0
40520,0,0,0
40536,0,0,0
40550,0,0,0
40567,0,0,0
40711,0,0,0
40729,0,0,0
40812,0,0,0
40849,0,0,0
41105,0,0,0
41188,0,0,0
41252,0,0,0
41361,0,0,0
41462,0,0,0
41490,0,0,0
41646,0,0,0
41766,0,0,0
41776,0,0,0
41796,0,0,0
41944,0,0,0
42239,0,0,0
42241,0,0,0
42274,0,0,0
42334,0,0,0
42396,0,0,0
42444,0,0,0
42580,0,0,0
42614,0,0,0
42638,0,0,0
42709,0,0,0
42710,0,0,0
42749,0,0,0
42895,0,0,0
43020,0,0,0
43088,0,0,0
43129,0,0,0
43168,0,0,0
43183,0,0,0
43261,0,0,0
43286,0,0,0
43331,0,0,0
43552,0,0,0
43565,0,0,0
43742,0,0,0
43754,0,0,0
43781,0,0,0
43799,0,0,0
43811,0,0,0
43837,0,0,0
43899,0,0,0
44000,0,0,0
44003,0,0,0
44091,0,0,0
44118,0,0,0
44155,0,0,0
44228,0,0,0
44290,0,0,0
44347,0,0,0
44407,0,0,0
44429,0,0,0
44445,0,0,0
44450,0,0,0
44464,0,0,0
44714,0,0,0
44737,0,0,0
45009,0,0,0
45127,0,0,0
45160,0,0,0
45181,0,0,0
45203,0,0,0
45209,0,0,0
45363,0,0,0
45378,0,0,0
45399,0,0,0
45482,0,0,0
45507,0,0,0
45557,0,0,0
45599,0,0,0
45662,0,0,0
45692,0,0,0
45729,0,0,0
45802,0,0,0
45842,0,0,0
45843,0,0,0
45853,0,0,0
45854,0,0,0
45960,0,0,0
45962,0,0,0
46045,0,0,0
46062,0,0,0
46226,0,0,0
46234,0,0,0
46367,0,0,0
46405,0,0,0
46452,0,0,0
46550,0,0,0
46780,0,0,0
46862,0,0,0
47148,0,0,0
47166,0,0,0
47210,0,0,0
47214,0,0,0
47322,0,0,0
47373,0,0,0
47389,0,0,0
47407,0,0,0
47449,0,0,0
47539,0,0,0
47569,0,0,0
47634,0,0,0
47665,0,0,0
47715,0,0,0
47751,0,0,0
47789,0,0,0
47840,0,0,0
47860,0,0,0
47907,0,0,0
47960,0,0,0
48075,0,0,0
48106,0,0,0
48207,0,0,0
48220,0,0,0
48263,0,0,0
48380,0,0,0
48422,0,0,0
48430,0,0,0
48449,0,0,0
48552,0,0,0
48599,0,0,0
48640,0,0,0
48777,0,0,0
48788,0,0,0
48856,0,0,0
48952,0,0,0
48995,0,0,0
48999,0,0,0
49065,0,0,0
49135,0,0,0
49432,0,0,0
49512,0,0,0
49579,0,0,0
49720,0,0,0
49844,0,0,0
49915,0,0,0
49955,0,0,0
49988,0,0,0
50100,0,0,0
50142,0,0,0
50193,0,0,0
50282,0,0,0
50283,0,0,0
50394,0,0,0
50608,0,0,0
50626,0,0,0
50670,0,0,0
50671,0,0,0
50694,0,0,0
50729,0,0,0
50795,0,0,0
50796,0,0,0
50797,0,0,0
50887,0,0,0
50897,0,0,0
50941,0,0,0
50955,0,0,0
50956,0,0,0
50992,0,0,0
51027,0,0,0
51030,0,0,0
51052,0,0,0
51086,0,0,0
51350,0,0,0
51372,0,0,0
51399,0,0,0
51410,0,0,0
51457,0,0,0
51486,0,0,0
51528,0,0,0
51764,0,0,0
51780,0,0,0
51808,0,0,0
51847,0,0,0
51866,0,0,0
51870,0,0,0
51911,0,0,0
51980,0,0,0
52091,0,0,0
52122,0,0,0
52172,0,0,0
52192,0,0,0
52233,0,0,0
52256,0,0,0
52280,0,0,0
52287,0,0,0
52288,0,0,0
52333,0,0,0
52376,0,0,0
52385,0,0,0
52414,0,0,0
52448,0,0,0
52491,0,0,0
52509,0,0,0
52569,0,0,0
52652,0,0,0
52702,0,0,0
52779,0,0,0
52906,0,0,0
52915,0,0,0
52939,0,0,0
53057,0,0,0
53073,0,0,0
53160,0,0,0
53192,0,0,0
53201,0,0,0
53242,0,0,0
53301,0,0,0
53311,0,0,0
53369,0,0,0
53484,0,0,0
53554,0,0,0
53560,0,0,0
53573,0,0,0
53750,0,0,0
53866,0,0,0
53934,0,0,0
53970,0,0,0
54059,0,0,0
54092,0,0,0
54179,0,0,0
54581,0,0,0
54697,0,0,0
54733,0,0,0
54818,0,0,0
54973,0,0,0
55090,0,0,0
55148,0,0,0
55190,0,0,0
55292,0,0,0
55332,0,0,0
55432,0,0,0
55450,0,0,0
55451,0,0,0
55529,0,0,0
55564,0,0,0
55598,0,0,0
55635,0,0,0
55691,0,0,0
55776,0,0,0
55795,0,0,0
56085,0,0,0
56091,0,0,0
56122,0,0,0
56133,0,0,0
56155,0,0,0
56196,0,0,0
56239,0,0,0
56256,0,0,0
56283,0,0,0
56326,0,0,0
56333,0,0,0
56485,0,0,0
56554,0,0,0
56588,0,0,0
56647,0,0,0
56670,0,0,0
56683,0,0,0
56720,0,0,0
56722,0,0,0
56769,0,0,0
56805,0,0,0
56815,0,0,0
56980,0,0,0
57020,0,0,0
57036,0,0,0
57043,0,0,0
57073,0,0,0
57111,0,0,0
57149,0,0,0
57179,0,0,0
57279,0,0,0
57367,0,0,0
57411,0,0,0
57468,0,0,0
57522,0,0,0
57548,0,0,0
57618,0,0,0
57744,0,0,0
57769,0,0,0
57829,0,0,0
57834,0,0,0
57857,0,0,0
57896,0,0,0
57917,0,0,0
58171,0,0,0
58245,0,0,0
58281,0,0,0
58282,0,0,0
58327,0,0,0
58349,0,0,0
58360,0,0,0
58368,0,0,0
58427,0,0,0
58441,0,0,0
58750,0,0,0
58950,0,0,0
58957,0,0,0
59021,0,0,0
59299,0,0,0
59344,0,0,0
59426,0,0,0
59509,0,0,0
59511,0,0,0
59532,0,0,0
59592,0,0,0
59626,0,0,0
59738,0,0,0
59791,0,0,0
59796,0,0,0
59890,0,0,0
59969,0,0,0
60016,0,0,0
60043,0,0,0
60050,0,0,0
60067,0,0,0
60253,0,0,0
60298,0,0,0
60340,0,0,0
60356,0,0,0
60377,0,0,0
60379,0,0,0
60474,0,0,0
60512,0,0,0
60549,0,0,0
60577,0,0,0
60657,0,0,0
60667,0,0,0
60709,0,0,0
60763,0,0,0
60779,0,0,0
60786,0,0,0
60803,0,0,0
60832,0,0,0
60834,0,0,0
60971,0,0,0
60986,0,0,0
61025,0,0,0
61033,0,0,0
61186,0,0,0
61213,0,0,0
61285,0,0,0
61345,0,0,0
61380,0,0,0
61436,0,0,0
61561,0,0,0
61572,0,0,0
61584,0,0,0
61650,0,0,0
61670,0,0,0
61707,0,0,0
61875,0,0,0
61910,0,0,0
61913,0,0,0
62105,0,0,0
62139,0,0,0
62145,0,0,0
62156,0,0,0
62196,0,0,0
62231,0,0,0
62279,0,0,0
62280,0,0,0
62303,0,0,0
62333,0,0,0
62349,0,0,0
62550,0,0,0
62567,0,0,0
62737,0,0,0
62803,0,0,0
62834,0,0,0
62915,0,0,0
62953,0,0,0
63034,0,0,0
63098,0,0,0
63125,0,0,0
63139,0,0,0
63214,0,0,0
63269,0,0,0
63356,0,0,0
63359,0,0,0
63370,0,0,0
63473,0,0,0
63538,0,0,0
63541,0,0,0
63551,0,0,0
63564,0,0,0
63599,0,0,0
63609,0,0,0
63644,0,0,0
63692,0,0,0
63869,0,0,0
63922,0,0,0
63923,0,0,0
63957,0,0,0
63986,0,0,0
64005,0,0,0
64138,0,0,0
64163,0,0,0
64175,0,0,0
64180,0,0,0
64186,0,0,0
64243,0,0,0
64296,0,0,0
64308,0,0,0
64322,0,0,0
64336,0,0,0
64434,0,0,0
64554,0,0,0
64678,0,0,0
64883,0,0,0
64943,0,0,0
64948,0,0,0
64962,0,0,0
65126,0,0,0
65134,0,0,0
65182,0,0,0
65232,0,0,0
65245,0,0,0
65278,0,0,0
65318,0,0,0
65370,0,0,0
65414,0,0,0
65454,0,0,0
65469,0,0,0
65520,0,0,0
65578,0,0,0
65580,0,0,0
65651,0,0,0
65706,0,0,0
65837,0,0,0
65976,0,0,0
66014,0,0,0
66117,0,0,0
66242,0,0,0
66340,0,0,0
66371,0,0,0
66392,0,0,0
66435,0,0,0
66460,0,0,0
66535,0,0,0
66614,0,0,0
66751,0,0,0
66766,0,0,0
66778,0,0,0
66910,0,0,0
67000,0,0,0
67007,0,0,0
67012,0,0,0
67052,0,0,0
67078,0,0,0
67550,0,0,0
67615,0,0,0
67633,0,0,0
67666,0,0,0
67676,0,0,0
67698,0,0,0
67704,0,0,0
67759,0,0,0
67766,0,0,0
67769,0,0,0
67785,0,0,0
67848,0,0,0
67853,0,0,0
68107,0,0,0
68110,0,0,0
68127,0,0,0
68147,0,0,0
68175,0,0,0
68208,0,0,0
68212,0,0,0
68255,0,0,0
68271,0,0,0
68308,0,0,0
68318,0,0,0
68407,0,0,0
68415,0,0,0
68634,0,0,0
68716,0,0,0
68732,0,0,0
68786,0,0,0
68810,0,0,0
68886,0,0,0
68893,0,0,0
68953,0,0,0
68996,0,0,0
68997,0,0,0
69053,0,0,0
69103,0,0,0
69146,0,0,0
69212,0,0,0
69266,0,0,0
69345,0,0,0
69438,0,0,0
69482,0,0,0
69764,0,0,0
69800,0,0,0
70037,0,0,0
70060,0,0,0
70128,0,0,0
70155,0,0,0
70161,0,0,0
70221,0,0,0
70277,0,0,0
70326,0,0,0
70374,0,0,0
70414,0,0,0
70499,0,0,0
70606,0,0,0
70648,0,0,0
70693,0,0,0
70773,0,0,0
70947,0,0,0
70970,0,0,0
70984,0,0,0
71207,0,0,0
71262,0,0,0
71376,0,0,0
71445,0,0,0
71531,0,0,0
71582,0,0,0
71593,0,0,0
71614,0,0,0
71705,0,0,0
71726,0,0,0
71880,0,0,0
72013,0,0,0
72088,0,0,0
72177,0,0,0
72233,0,0,0
72279,0,0,0
72285,0,0,0
72291,0,0,0
72306,0,0,0
72370,0,0,0
72373,0,0,0
72484,0,0,0
72631,0,0,0
72637,0,0,0
72816,0,0,0
72831,0,0,0
72848,0,0,0
72915,0,0,0
72928,0,0,0
72943,0,0,0
72977,0,0,0
73029,0,0,0
73036,0,0,0
73053,0,0,0
73100,0,0,0
73142,0,0,0
73151,0,0,0
73171,0,0,0
73243,0,0,0
73279,0,0,0
73280,0,0,0
73383,0,0,0
73436,0,0,0
73459,0,0,0
73560,0,0,0
73575,0,0,0
73678,0,0,0
73847,0,0,0
73947,0,0,0
74052,0,0,0
74054,0,0,0
74102,0,0,0
74427,0,0,0
74460,0,0,0
74465,0,0,0
74515,0,0,0
74646,0,0,0
74767,0,0,0
74773,0,0,0
74848,0,0,0
74866,0,0,0
74902,0,0,0
74910,0,0,0
74924,0,0,0
75043,0,0,0
75056,0,0,0
75065,0,0,0
75127,0,0,0
75136,0,0,0
75354,0,0,0
75403,0,0,0
75452,0,0,0
75461,0,0,0
75491,0,0,0
75508,0,0,0
75756,0,0,0
75943,0,0,0
76001,0,0,0
76017,0,0,0
76049,0,0,0
76093,0,0,0
76128,0,0,0
76141,0,0,0
76143,0,0,0
76170,0,0,0
76271,0,0,0
76290,0,0,0
76432,0,0,0
76441,0,0,0
76592,0,0,0
76615,0,0,0
76630,0,0,0
76657,0,0,0
76797,0,0,0
76830,0,0,0
76877,0,0,0
76928,0,0,0
76958,0,0,0
76971,0,0,0
77043,0,0,0
77344,0,0,0
77347,0,0,0
77412,0,0,0
77506,0,0,0
77510,0,0,0
77524,0,0,0
77556,0,0,0
77583,0,0,0
77591,0,0,0
77628,0,0,0
77670,0,0,0
77741,0,0,0
77786,0,0,0
77811,0,0,0
77841,0,0,0
77895,0,0,0
77906,0,0,0
77921,0,0,0
77956,0,0,0
78022,0,0,0
78039,0,0,0
78085,0,0,0
78181,0,0,0
78204,0,0,0
78219,0,0,0
78236,0,0,0
78273,0,0,0
78343,0,0,0
78388,0,0,0
78428,0,0,0
78437,0,0,0
78494,0,0,0
78529,0,0,0
78591,0,0,0
78609,0,0,0
78625,0,0,0
78658,0,0,0
78681,0,0,0
78717,0,0,0
78724,0,0,0
78900,0,0,0
78942,0,0,0
79004,0,0,0
79120,0,0,0
79239,0,0,0
79340,0,0,0
79631,0,0,0
79695,0,0,0
79750,0,0,0
79784,0,0,0
79900,0,0,0
79933,0,0,0
79984,0,0,0
80006,0,0,0
80146,0,0,0
80195,0,0,0
80198,0,0,0
80302,0,0,0
80345,0,0,0
80386,0,0,0
80462,0,0,0
80508,0,0,0
80586,0,0,0
80678,0,0,0
80734,0,0,0
80861,0,0,0
80906,0,0,0
80931,0,0,0
80947,0,0,0
81003,0,0,0
81027,0,0,0
81044,0,0,0
81047,0,0,0
81138,0,0,0
81182,0,0,0
81222,0,0,0
81244,0,0,0
81368,0,0,0
81443,0,0,0
81462,0,0,0
81474,0,0,0
81500,0,0,0
81556,0,0,0
81655,0,0,0
81720,0,0,0
81753,0,0,0
81839,0,0,0
81867,0,0,0
81888,0,0,0
81966,0,0,0
82189,0,0,0
82266,0,0,0
82269,0,0,0
82293,0,0,0
82298,0,0,0
82335,0,0,0
82361,0,0,0
82370,0,0,0
82395,0,0,0
82402,0,0,0
82445,0,0,0
82452,0,0,0
82482,0,0,0
82492,0,0,0
82512,0,0,0
82581,0,0,0
82657,0,0,0
82686,0,0,0
82718,0,0,0
82787,0,0,0
82807,0,0,0
82811,0,0,0
82851,0,0,0
82910,0,0,0
82932,0,0,0
82971,0,0,0
82996,0,0,0
83026,0,0,0
83180,0,0,0
83221,0,0,0
83227,0,0,0
83228,0,0,0
83258,0,0,0
83371,0,0,0
83388,0,0,0
83424,0,0,0
83438,0,0,0
83441,0,0,0
83488,0,0,0
83495,0,0,0
83583,0,0,0
83646,0,0,0
83667,0,0,0
83715,0,0,0
83739,0,0,0
83755,0,0,0
83767,0,0,0
83768,0,0,0
83821,0,0,0
83875,0,0,0
83910,0,0,0
83913,0,0,0
83928,0,0,0
84046,0,0,0
84057,0,0,0
84090,0,0,0
84093,0,0,0
84244,0,0,0
84321,0,0,0
84363,0,0,0
84395,0,0,0
84524,0,0,0
84549,0,0,0
84564,0,0,0
84593,0,0,0
84644,0,0,0
84654,0,0,0
84677,0,0,0
84684,0,0,0
84738,0,0,0
84838,0,0,0
84989,0,0,0
85111,0,0,0
85130,0,0,0
85222,0,0,0
85308,0,0,0
85379,0,0,0
85582,0,0,0
85587,0,0,0
85678,0,0,0
85824,0,0,0
86035,0,0,0
86036,0,0,0
86051,0,0,0
86143,0,0,0
86190,0,0,0
86288,0,0,0
86709,0,0,0
86748,0,0,0
86878,0,0,0
86933,0,0,0
87008,0,0,0
87099,0,0,0
87144,0,0,0
87257,0,0,0
87340,0,0,0
87450,0,0,0
87503,0,0,0
87610,0,0,0
87692,0,0,0
87715,0,0,0
87976,0,0,0
88135,0,0,0
88300,0,0,0
88358,0,0,0
88529,0,0,0
88846,0,0,0
89058,0,0,0
89242,0,0,0
89251,0,0,0
89289,0,0,0
89298,0,0,0
89304,0,0,0
89326,0,0,0
89367,0,0,0
89393,0,0,0
89400,0,0,0
89405,0,0,0
89569,0,0,0
89708,0,0,0
89791,0,0,0
89891,0,0,0
90008,0,0,0
90086,0,0,0
90261,0,0,0
90285,0,0,0
90358,0,0,0
90920,0,0,0
90945,0,0,0
90955,0,0,0
90961,0,0,0
91011,0,0,0
91096,0,0,0
91117,0,0,0
91229,0,0,0
91275,0,0,0
91383,0,0,0
91567,0,0,0
91770,0,0,0
91921,0,0,0
91970,0,0,0
91998,0,0,0
92109,0,0,0
92124,0,0,0
92127,0,0,0
92280,0,0,0
92310,0,0,0
92350,0,0,0
92421,0,0,0
92658,0,0,0
92683,0,0,0
92705,0,0,0
92724,0,0,0
92753,0,0,0
92765,0,0,0
92808,0,0,0
92809,0,0,0
92890,0,0,0
92907,0,0,0
92982,0,0,0
93079,0,0,0
93162,0,0,0
93311,0,0,0
93387,0,0,0
93504,0,0,0
93569,0,0,0
93587,0,0,0
93588,0,0,0
93625,0,0,0
93639,0,0,0
93653,0,0,0
93690,0,0,0
93715,0,0,0
93783,0,0,0
93830,0,0,0
93915,0,0,0
94058,0,0,0
94089,0,0,0
94100,0,0,0
94101,0,0,0
94203,0,0,0
94312,0,0,0
94408,0,0,0
94419,0,0,0
94506,0,0,0
94509,0,0,0
94514,0,0,0
94608,0,0,0
94638,0,0,0
94655,0,0,0
94659,0,0,0
94733,0,0,0
94764,0,0,0
94938,0,0,0
94986,0,0,0
95004,0,0,0
95192,0,0,0
95575,0,0,0
95599,0,0,0
95640,0,0,0
95741,0,0,0
95868,0,0,0
95992,0,0,0
96032,0,0,0
96124,0,0,0
96144,0,0,0
96245,0,0,0
96390,0,0,0
96393,0,0,0
96849,0,0,0
96876,0,0,0
96979,0,0,0
97065,0,0,0
97216,0,0,0
97353,0,0,0
97401,0,0,0
97490,0,0,0
97614,0,0,0
97735,0,0,0
97782,0,0,0
97958,0,0,0
98283,0,0,0
98326,0,0,0
98337,0,0,0
98538,0,0,0
98677,0,0,0
98804,0,0,0
98872,0,0,0
98946,0,0,0
99071,0,0,0
99082,0,0,0
99206,0,0,0
99249,0,0,0
99378,0,0,0
99412,0,0,0
99439,0,0,0
99505,0,0,0
99525,0,0,0
99602,0,0,0
99681,0,0,0
99740,0,0,0
100016,0,0,0
100171,0,0,0
100242,0,0,0
100309,0,0,0
100398,0,0,0
100406,0,0,0
100419,0,0,0
100425,0,0,0
100466,0,0,0
100546,0,0,0
100726,0,0,0
100767,0,0,0
101010,0,0,0
101186,0,0,0
101189,0,0,0
101269,0,0,0
101270,0,0,0
101316,0,0,0
101467,0,0,0
101530,0,0,0
101672,0,0,0
101831,0,0,0
101840,0,0,0
101900,0,0,0
102196,0,0,0
102291,0,0,0
102292,0,0,0
102338,0,0,0
102358,0,0,0
102399,0,0,0
102725,0,0,0
102771,0,0,0
102833,0,0,0
102837,0,0,0
102875,0,0,0
102938,0,0,0
103030,0,0,0
103312,0,0,0
103397,0,0,0
103560,0,0,0
103625,0,0,0
103783,0,0,0
104104,0,0,0
104290,0,0,0
104331,0,0,0
104347,0,0,0
104538,0,0,0
104823,0,0,0
104838,0,0,0
104941,0,0,0
104992,0,0,0
105017,0,0,0
105161,0,0,0
105295,0,0,0
105879,0,0,0
105958,0,0,0
106895,0,0,0
106940,0,0,0
106973,0,0,0
106997,0,0,0
107018,0,0,0
107183,0,0,0
107220,0,0,0
107375,0,0,0
107498,0,0,0
107638,0,0,0
107810,0,0,0
107838,0,0,0
108116,0,0,0
108212,0,0,0
108269,0,0,0
108306,0,0,0
108396,0,0,0
108523,0,0,0
108599,0,0,0
108650,0,0,0
109166,0,0,0
109326,0,0,0
109398,0,0,0
109424,0,0,0
109461,0,0,0
109635,0,0,0
109639,0,0,0
109768,0,0,0
109787,0,0,0
109798,0,0,0
109834,0,0,0
109990,0,0,0
110162,0,0,0
110179,0,0,0
110680,0,0,0
110719,0,0,0
110889,0,0,0
110891,0,0,0
110941,0,0,0
110959,0,0,0
110960,0,0,0
111044,0,0,0
111239,0,0,0
111392,0,0,0
111400,0,0,0
111503,0,0,0
111544,0,0,0
111611,0,0,0
111622,0,0,0
111729,0,0,0
112050,0,0,0
112268,0,0,0
112356,0,0,0
112401,0,0,0
112932,0,0,0
113047,0,0,0
113150,0,0,0
113321,0,0,0
113569,0,0,0
113646,0,0,0
113685,0,0,0
113773,0,0,0
113933,0,0,0
114093,0,0,0
114104,0,0,0
114159,0,0,0
114637,0,0,0
114817,0,0,0
114823,0,0,0
114900,0,0,0
114936,0,0,0
115020,0,0,0
115274,0,0,0
115347,0,0,0
115378,0,0,0
115469,0,0,0
115646,0,0,0
115651,0,0,0
115938,0,0,0
116000,0,0,0
116096,0,0,0
116149,0,0,0
116444,0,0,0
116631,0,0,0
116686,0,0,0
116916,0,0,0
117193,0,0,0
117282,0,0,0
117330,0,0,0
117373,0,0,0
117405,0,0,0
117613,0,0,0
117758,0,0,0
117856,0,0,0
117910,0,0,0
117929,0,0,0
118076,0,0,0
118221,0,0,0
118482,0,0,0
118763,0,0,0
118788,0,0,0
118814,0,0,0
118940,0,0,0
118950,0,0,0
118955,0,0,0
118996,0,0,0
119178,0,0,0
119202,0,0,0
119302,0,0,0
119384,0,0,0
119564,0,0,0
119592,0,0,0
119714,0,0,0
120036,0,0,0
120072,0,0,0
120185,0,0,0
120230,0,0,0
120339,0,0,0
120475,0,0,0
120862,0,0,0
121140,0,0,0
121151,0,0,0
121181,0,0,0
121348,0,0,0
121400,0,0,0
121485,0,0,0
121541,0,0,0
121674,0,0,0
121898,0,0,0
122094,0,0,0
122148,0,0,0
122276,0,0,0
122601,0,0,0
122659,0,0,0
122853,0,0,0
122969,0,0,0
123036,0,0,0
123142,0,0,0
123147,0,0,0
123178,0,0,0
123394,0,0,0
123515,0,0,0
123663,0,0,0
123942,0,0,0
123955,0,0,0
124034,0,0,0
124070,0,0,0
124099,0,0,0
124224,0,0,0
124257,0,0,0
124521,0,0,0
124737,0,0,0
124804,0,0,0
124823,0,0,0
124877,0,0,0
125292,0,0,0
125368,0,0,0
125561,0,0,0
125646,0,0,0
125691,0,0,0
125692,0,0,0
125794,0,0,0
125961,0,0,0
125982,0,0,0
125992,0,0,0
126076,0,0,0
126110,0,0,0
126199,0,0,0
126218,0,0,0
126312,0,0,0
126337,0,0,0
126467,0,0,0
126568,0,0,0
126664,0,0,0
126757,0,0,0
126861,0,0,0
126903,0,0,0
127387,0,0,0
127485,0,0,0
127486,0,0,0
127552,0,0,0
127681,0,0,0
127742,0,0,0
127857,0,0,0
127868,0,0,0
127940,0,0,0
127964,0,0,0
128042,0,0,0
128483,0,0,0
128562,0,0,0
128647,0,0,0
128742,0,0,0
129021,0,0,0
129032,0,0,0
129043,0,0,0
129097,0,0,0
129125,0,0,0
129518,0,0,0
129554,0,0,0
129636,0,0,0
129643,0,0,0
129705,0,0,0
129904,0,0,0
129908,0,0,0
129973,0,0,0
130014,0,0,0
130063,0,0,0
130201,0,0,0
130397,0,0,0
130417,0,0,0
130503,0,0,0
130618,0,0,0
130821,0,0,0
131104,0,0,0
131210,0,0,0
131349,0,0,0
131393,0,0,0
131426,0,0,0
131500,0,0,0
131544,0,0,0
131560,0,0,0
131579,0,0,0
131629,0,0,0
131665,0,0,0
131687,0,0,0
131727,0,0,0
131741,0,0,0
131810,0,0,0
131866,0,0,0
131971,0,0,0
131997,0,0,0
132141,0,0,0
132155,0,0,0
132161,0,0,0
132258,0,0,0
132823,0,0,0
132825,0,0,0
132896,0,0,0
132922,0,0,0
132959,0,0,0
132961,0,0,0
132999,0,0,0
133048,0,0,0
133079,0,0,0
133123,0,0,0
133259,0,0,0
133302,0,0,0
133451,0,0,0
133515,0,0,0
133591,0,0,0
133616,0,0,0
133686,0,0,0
133754,0,0,0
133771,0,0,0
133795,0,0,0
133907,0,0,0
133964,0,0,0
134044,0,0,0
134171,0,0,0
134191,0,0,0
134262,0,0,0
134397,0,0,0
134574,0,0,0
134642,0,0,0
134769,0,0,0
134836,0,0,0
135177,0,0,0
135230,0,0,0
135376,0,0,0
135701,0,0,0
135851,0,0,0
135902,0,0,0
136101,0,0,0
136174,0,0,0
136219,0,0,0
136266,0,0,0
136503,0,0,0
136707,0,0,0
136767,0,0,0
136987,0,0,0
136998,0,0,0
137027,0,0,0
137124,0,0,0
137172,0,0,0
137237,0,0,0
137500,0,0,0
137517,0,0,0
137593,0,0,0
137614,0,0,0
137644,0,0,0
137770,0,0,0
137786,0,0,0
137806,0,0,0
138065,0,0,0
138213,0,0,0
138376,0,0,0
138692,0,0,0
138744,0,0,0
138997,0,0,0
139007,0,0,0
139206,0,0,0
139220,0,0,0
139384,0,0,0
139482,0,0,0
139766,0,0,0
139944,0,0,0
140023,0,0,0
140215,0,0,0
140253,0,0,0
140536,0,0,0
140666,0,0,0
140704,0,0,0
140853,0,0,0
140878,0,0,0
140890,0,0,0
141060,0,0,0
141086,0,0,0
141144,0,0,0
141186,0,0,0
141240,0,0,0
141286,0,0,0
141365,0,0,0
141574,0,0,0
141616,0,0,0
141712,0,0,0
141807,0,0,0
142006,0,0,0
142297,0,0,0
142486,0,0,0
142515,0,0,0
142920,0,0,0
143044,0,0,0
143105,0,0,0
143242,0,0,0
144123,0,0,0
144159,0,0,0
144245,0,0,0
144256,0,0,0
144285,0,0,0
144338,0,0,0
144345,0,0,0
144774,0,0,0
144903,0,0,0
145002,0,0,0
145109,0,0,0
145202,0,0,0
145382,0,0,0
145429,0,0,0
145537,0,0,0
145736,0,0,0
145931,0,0,0
145969,0,0,0
145999,0,0,0
146332,0,0,0
146406,0,0,0
146459,0,0,0
146516,0,0,0
146620,0,0,0
146622,0,0,0
146674,0,0,0
147018,0,0,0
147071,0,0,0
147078,0,0,0
147145,0,0,0
147151,0,0,0
147257,0,0,0
147295,0,0,0
147552,0,0,0
147578,0,0,0
147678,0,0,0
147814,0,0,0
147846,0,0,0
147882,0,0,0
147932,0,0,0
147960,0,0,0
148020,0,0,0
148059,0,0,0
148072,0,0,0
148080,0,0,0
148096,0,0,0
148222,0,0,0
148230,0,0,0
148241,0,0,0
148548,0,0,0
148578,0,0,0
148583,0,0,0
148724,0,0,0
148735,0,0,0
148901,0,0,0
149058,0,0,0
149097,0,0,0
149198,0,0,0
149281,0,0,0
149326,0,0,0
149399,0,0,0
149472,0,0,0
149616,0,0,0
149723,0,0,0
149736,0,0,0
149738,0,0,0
149811,0,0,0
149858,0,0,0
150924,0,0,0
151142,0,0,0
151180,0,0,0
151341,0,0,0
151454,0,0,0
151508,0,0,0
151658,0,0,0
151760,0,0,0
151796,0,0,0
151945,0,0,0
152121,0,0,0
152140,0,0,0
152175,0,0,0
152385,0,0,0
152449,0,0,0
152477,0,0,0
152482,0,0,0
152585,0,0,0
152987,0,0,0
153185,0,0,0
153238,0,0,0
153251,0,0,0
153298,0,0,0
153428,0,0,0
153554,0,0,0
153715,0,0,0
153752,0,0,0
153790,0,0,0
153979,0,0,0
153980,0,0,0
154265,0,0,0
154408,0,0,0
154578,0,0,0
154632,0,0,0
154756,0,0,0
154803,0,0,0
154872,0,0,0
154898,0,0,0
155131,0,0,0
155190,0,0,0
155239,0,0,0
155774,0,0,0
156017,0,0,0
156360,0,0,0
156395,0,0,0
156596,0,0,0
156666,0,0,0
156704,0,0,0
156780,0,0,0
156911,0,0,0
157167,0,0,0
157283,0,0,0
157682,0,0,0
157748,0,0,0
157844,0,0,0
157884,0,0,0
158048,0,0,0
158296,0,0,0
158547,0,0,0
158588,0,0,0
158821,0,0,0
159138,0,0,0
159230,0,0,0
159672,0,0,0
159746,0,0,0
159761,0,0,0
159774,0,0,0
159935,0,0,0
160218,0,0,0
160357,0,0,0
160513,0,0,0
160716,0,0,0
160719,0,0,0
160764,0,0,0
160771,0,0,0
161002,0,0,0
161508,0,0,0
161586,0,0,0
161637,0,0,0
161747,0,0,0
161785,0,0,0
161898,0,0,0
161924,0,0,0
161997,0,0,0
162006,0,0,0
162058,0,0,0
162068,0,0,0
162411,0,0,0
162499,0,0,0
162535,0,0,0
162835,0,0,0
162869,0,0,0
163349,0,0,0
163384,0,0,0
163556,0,0,0
163614,0,0,0
163678,0,0,0
163994,0,0,0
164032,0,0,0
164308,0,0,0
164328,0,0,0
164347,0,0,0
164559,0,0,0
164601,0,0,0
164668,0,0,0
164672,0,0,0
164762,0,0,0
164859,0,0,0
165122,0,0,0
165159,0,0,0
165206,0,0,0
165388,0,0,0
165550,0,0,0
165646,0,0,0
165872,0,0,0
165982,0,0,0
166192,0,0,0
166199,0,0,0
166248,0,0,0
166358,0,0,0
166696,0,0,0
166758,0,0,0
166851,0,0,0
166869,0,0,0
166900,0,0,0
167046,0,0,0
167149,0,0,0
167164,0,0,0
167313,0,0,0
167371,0,0,0
167408,0,0,0
167493,0,0,0
167627,0,0,0
167629,0,0,0
167753,0,0,0
167892,0,0,0
167941,0,0,0
168124,0,0,0
168202,0,0,0
168236,0,0,0
168442,0,0,0
168459,0,0,0
168473,0,0,0
168481,0,0,0
168552,0,0,0
168664,0,0,0
168764,0,0,0
168768,0,0,0
168793,0,0,0
168826,0,0,0
168888,0,0,0
169032,0,0,0
169039,0,0,0
169115,0,0,0
169138,0,0,0
169336,0,0,0
169337,0,0,0
169381,0,0,0
169479,0,0,0
169480,0,0,0
169520,0,0,0
169541,0,0,0
169933,0,0,0
170092,0,0,0
170530,0,0,0
170883,0,0,0
170909,0,0,0
171208,0,0,0
171366,0,0,0
171421,0,0,0
171991,0,0,0
172008,0,0,0
172108,0,0,0
172670,0,0,0
172706,0,0,0
173686,0,0,0
173694,0,0,0
173791,0,0,0
174115,0,0,0
174368,0,0,0
174370,0,0,0
174514,0,0,0
174548,0,0,0
174848,0,0,0
175185,0,0,0
175473,0,0,0
175497,0,0,0
176764,0,0,0
176957,0,0,0
177114,0,0,0
177356,0,0,0
177468,0,0,0
177544,0,0,0
179523,0,0,0
179735,0,0,0
179768,0,0,0
179973,0,0,0
180001,0,0,0
180481,0,0,0
181526,0,0,0
181596,0,0,0
181674,0,0,0
181919,0,0,0
182347,0,0,0
182477,0,0,0
182594,0,0,0
182692,0,0,0
183021,0,0,0
183093,0,0,0
183290,0,0,0
183605,0,0,0
183669,0,0,0
183806,0,0,0
183863,0,0,0
184082,0,0,0
184140,0,0,0
184218,0,0,0
184391,0,0,0
184534,0,0,0
185329,0,0,0
185463,0,0,0
185855,0,0,0
185864,0,0,0
186262,0,0,0
186691,0,0,0
186887,0,0,0
187206,0,0,0
