user_id,course_id
39972,34
56815,51
63734,20
17896,81
36961,64
75452,7
58294,72
27277,5
68308,13
62349,134
11072,10
71376,117
157346,238
6450,51
75127,7
163349,172
103560,119
56897,3
3698,7
25500,15
14227,227
31926,1
127840,15
145247,15
13543,115
2541,3
125368,188
114900,114
142981,91
113972,7
1631,34
85678,134
3399,9
19409,71
36035,73
73151,8
158139,171
64322,13
137614,202
120185,29
9638,18
9416,204
101968,134
134131,101
19150,228
119970,90
102000,3
723,34
6480,107
20793,164
129380,189
23713,1
12569,7
39571,1
25246,238
76949,25
2819,114
32992,134
12211,25
24572,20
138344,116
168957,51
4271,85
132155,190
45170,7
7007,13
169963,117
1329,191
38028,103
81145,8
67078,7
81696,3
68208,73
616,14
58766,92
77335,29
63269,75
12482,25
131031,188
69079,20
79933,85
103313,43
48263,23
24022,3
114900,1
133771,167
113150,134
136375,8
107408,144
7411,7
154898,188
5040,74
58360,97
8105,5
2496,34
158056,137
27160,28
69212,134
61572,134
58349,146
154345,8
168459,101
6867,22
123100,72
82718,77
100365,144
89326,190
136219,34
13148,8
108306,75
11622,188
40198,81
22638,15
142441,20
79828,117
126476,74
101530,101
146333,134
137786,178
5318,1
29709,1
86761,146
183021,74
14064,32
154203,117
18034,5
27200,77
6480,103
72816,148
17225,165
25800,3
4300,204
43947,20
82851,117
8369,134
529,7
136987,134
174777,172
181003,92
6177,7
109406,212
44450,172
20219,10
4129,111
99602,73
157283,29
48995,148
85111,177
63941,43
83228,56
2451,34
62904,7
68255,73
24501,10
52139,34
13794,92
14239,1
23847,74
5671,103
5628,7
116916,172
13215,15
126076,127
109398,51
148578,13
87503,149
39261,85
60935,189
14227,32
5384,15
84102,110
12132,7
89289,144
9358,15
174447,144
72306,145
20159,1
32033,5
3806,7
2994,188
19721,114
147979,13
54971,5
53201,85
188,94
82147,8
82266,117
4358,9
63034,164
114823,20
94140,29
35540,114
6155,15
56937,92
112081,198
29690,50
2114,108
82269,129
1537,109
9456,5
115378,25
144557,20
92127,134
86035,151
19105,85
4200,40
2243,74
43682,108
126467,51
48788,85
25098,178
6420,14
57971,97
8266,5
163349,188
149142,110
17497,3
39846,15
28924,20
2574,9
56369,72
99602,20
3139,7
89058,91
1774,40
24613,20
52770,5
13113,25
2960,33
18034,41
63922,115
29365,15
41944,121
93754,3
123543,20
136987,5
91770,121
181222,72
12524,5
9344,15
9629,34
101672,85
80305,101
2994,51
23097,10
723,21
81862,117
77464,109
32604,74
9638,92
184897,142
32256,6
67805,77
107019,8
74946,51
4337,7
43837,15
25800,124
100466,34
99238,121
153765,72
23506,1
51911,99
24007,127
10213,3
2340,1
116972,103
59890,150
954,1
81222,40
7591,51
800,14
138237,116
9551,1
92765,7
176691,23
130646,189
94986,34
59791,109
68212,189
28526,103
47410,15
38289,1
56085,99
29301,51
31915,108
81188,114
13473,137
22207,51
12211,28
124760,108
139118,144
1697,34
42956,20
133621,199
93886,72
29704,76
32391,114
147296,199
81145,108
4548,14
64554,15
103731,114
18382,25
13319,1
15146,25
12578,116
1894,29
74411,29
16973,51
13577,134
19208,27
141128,92
57971,94
24620,34
186325,194
4983,12
7339,1
57091,75
91383,134
13451,71
16558,15
35536,114
23449,7
17905,1
15815,25
39729,101
76507,29
59969,108
95633,117
77755,148
63139,34
4332,1
64420,109
15851,115
40235,7
5984,7
9358,34
406,7
39793,32
5264,15
73678,1
5028,3
183790,194
155033,171
8453,1
49654,190
9551,43
7424,34
22215,144
168236,103
74738,1
8468,101
81138,184
92753,173
24066,127
548,43
134044,74
138350,1
64948,101
73596,29
22096,227
127964,137
23186,23
170087,198
5697,24
145931,1
25988,110
89304,90
161779,92
103337,180
170019,5
148193,13
12359,25
124038,75
9629,77
36377,40
132161,90
20073,30
131338,40
20122,74
17784,29
114955,114
25364,127
9624,7
12760,3
12503,114
1565,1
48272,129
53335,51
48106,110
91229,145
54805,7
4592,3
90285,34
16103,15
63176,34
9475,15
12503,51
48995,100
177209,172
89242,129
82148,5
38289,34
117613,34
78204,34
131687,169
54697,102
38659,90
6235,148
49579,85
75991,7
20128,51
12935,3
82469,92
57179,138
102399,130
26813,33
11612,51
15868,114
45802,108
63903,1
107450,174
11462,10
5087,114
129538,24
307,5
9607,110
176764,198
52592,134
51052,108
163349,86
5628,34
8799,10
59862,7
332,1
1341,9
9416,25
49634,34
134507,86
23401,25
44662,33
114930,110
23530,151
19184,15
53073,99
7634,24
34389,72
137912,5
25018,23
32256,99
112932,74
136321,5
14064,74
7590,51
406,15
1716,5
183029,196
101840,148
67329,129
44805,78
26776,85
55564,150
14212,119
1456,1
18861,191
343,1
49988,3
7673,9
35738,188
13708,86
40445,34
2888,171
74846,202
51927,15
7358,114
51161,15
15066,198
45557,51
57036,15
2785,3
68308,94
1596,171
26867,7
4668,40
181822,34
62995,111
18254,3
14966,51
13215,18
54378,91
13290,20
13129,13
84684,109
2326,74
180389,43
6399,34
3177,14
23847,32
68429,1
10681,26
87503,15
169032,188
36604,73
19805,34
29796,15
16219,114
313,1
174636,8
55432,86
123368,75
103337,167
152585,85
81213,85
24613,51
130063,74
7882,5
39873,7
4521,18
53918,5
47458,15
3408,43
12204,103
145419,15
19274,5
62292,172
91383,99
168968,51
52569,109
70414,7
8939,8
12423,7
36604,74
12519,30
173344,85
94986,129
136266,24
50561,15
41462,34
54636,149
47175,15
4860,3
79358,5
9308,107
48143,5
13451,40
171,9
7484,25
23702,127
18902,164
59998,15
82147,142
65538,51
9565,199
8582,114
110200,97
158310,109
5418,7
113951,136
11126,56
40337,77
85464,144
71313,24
32447,7
15587,8
45328,15
30289,34
6414,188
7484,133
180725,108
14913,13
14064,6
36840,7
969,40
547,114
2684,51
12858,15
46780,8
4592,15
110263,75
22207,20
597,1
2694,5
141090,74
39505,20
11462,6
101862,158
8037,72
50517,7
18182,74
76797,34
37358,99
102725,145
96089,215
89348,51
39811,1
54155,91
59627,127
80484,101
5604,51
52569,99
11140,7
5432,25
151966,8
25800,188
2763,3
4614,24
4548,171
164668,51
17896,15
6304,15
59398,173
5131,51
4470,9
24346,1
139568,109
99701,72
101189,75
103731,108
27168,3
11126,3
35244,106
17462,15
69588,86
61670,111
20774,15
15815,7
168122,198
828,1
92809,85
82838,40
8884,8
6169,73
93644,1
75508,56
21897,3
28712,15
36125,74
41004,8
79110,72
4334,10
69266,144
11604,114
142100,227
37457,34
40812,8
65232,91
6169,86
21107,127
152477,229
6559,129
56487,15
39846,3
71880,195
27079,1
25239,33
97065,23
84549,189
81839,7
25674,7
51866,86
156198,40
32256,1
32605,114
111123,117
60671,15
812,1
80508,108
14064,80
103407,3
21315,34
18966,33
140215,178
1759,50
21296,204
63269,101
25158,32
174548,34
6132,114
54576,71
63671,114
12318,40
133775,127
35115,33
6867,23
43781,110
27687,180
13473,5
10808,10
58327,106
101208,130
100466,184
63359,8
613,108
5685,24
73053,7
48422,108
154408,1
177051,238
57468,80
37455,7
1710,1
727,85
73862,40
27684,20
11688,7
26592,32
138901,143
42710,10
108647,8
23186,99
11303,77
72977,106
2918,14
6260,3
31946,34
17788,51
9308,205
61213,74
44228,7
167749,77
5190,14
13577,131
17725,25
18966,7
61913,202
27200,134
63382,102
86933,217
6370,18
13871,72
89444,8
38853,8
5340,7
21844,25
82241,121
31967,1
19900,29
96144,184
43799,75
154341,188
23755,129
23186,13
12843,15
67000,114
21674,127
46496,29
6235,23
33194,33
31214,24
5028,14
55909,117
12762,1
48055,29
38293,34
96227,108
20897,108
129518,114
25988,191
19992,51
1356,10
78152,108
1667,32
4560,10
529,221
46405,111
112119,144
84433,204
2785,32
142486,143
146278,43
7882,15
28515,180
19150,115
81368,138
7673,5
49579,7
1854,5
11814,5
16234,34
72427,29
79631,8
146210,20
56320,71
74367,29
9645,129
13641,14
82203,1
14350,23
44531,87
5960,10
2762,7
82554,74
114900,117
78022,101
70648,246
8079,114
1762,1
21667,8
110719,115
36265,121
60638,15
40009,3
129643,24
58171,109
35094,108
8606,20
36279,59
16800,25
49663,51
57043,3
97065,133
174956,51
37809,10
45557,10
107220,51
123394,188
33055,29
95582,114
38286,15
160809,29
2541,86
91966,34
130339,172
340,129
5005,51
137469,217
15213,13
97901,144
31119,20
49542,213
4455,20
4614,163
84093,51
14064,33
93886,101
127353,13
44427,15
109563,188
17872,51
253,25
145247,184
134769,77
178702,198
32188,85
15031,3
101172,5
1395,18
12578,74
529,15
85989,205
104347,188
129097,110
68716,145
16219,85
106973,171
73678,114
185104,1
82943,72
61033,43
151658,5
38028,7
5704,8
90961,51
62104,34
14759,23
529,127
68318,140
72848,86
84,25
1470,9
13195,51
96849,99
674,40
5171,25
8221,8
124224,73
48777,101
152482,34
76810,32
23459,15
101534,145
57043,15
34512,10
179387,235
14064,124
88456,25
723,77
156279,74
13071,34
4548,9
52940,5
174514,188
80345,23
5368,114
94952,142
44320,3
4332,51
16782,7
8606,142
124671,5
18709,40
21345,34
12413,99
2755,3
33821,7
8015,40
28241,131
63901,40
132808,85
62139,125
36986,80
129380,108
10082,75
11293,85
14654,1
41646,3
45997,25
5028,21
64948,86
82269,40
79628,110
3139,15
29129,3
5618,3
11688,73
85111,85
33657,34
67043,93
1940,1
36604,15
127919,117
80122,1
47410,43
141086,194
63370,1
4200,43
54789,115
54697,5
16219,3
9319,5
94986,43
3117,97
44299,51
149281,108
159114,7
12482,15
45729,40
173791,86
87248,40
21797,25
4299,9
100940,34
68110,34
11130,1
149742,198
127954,51
43781,114
12707,23
7591,40
63869,111
37455,205
53073,127
13640,43
52363,127
3443,15
34793,33
2569,5
63708,15
29667,97
67012,115
57896,200
63269,15
24635,7
7702,20
18966,13
31963,108
309,1
95868,86
4460,22
60518,74
55098,91
168675,91
156564,75
21674,177
9201,93
120014,188
7882,8
84102,8
115938,7
146513,40
144256,15
101189,7
6393,115
46226,77
3769,85
64789,110
15512,14
19700,59
2520,3
3769,99
19116,142
89367,74
2724,40
17896,69
5677,12
78338,8
75461,110
137826,23
81886,7
8638,10
13148,23
63551,108
47767,32
19418,75
90261,7
40133,138
47665,40
102196,148
51847,90
34441,92
2888,101
1456,28
31395,102
45181,109
40288,5
34512,8
148027,13
57468,3
58766,91
17896,77
44257,93
67699,91
2243,170
83241,114
6626,21
174922,167
25602,171
129097,40
2243,190
526,9
81839,8
107465,34
15761,74
188,7
52939,227
53547,77
2679,34
81886,15
128637,86
73954,114
12592,40
1083,1
82452,109
2326,114
4560,20
529,1
81,34
73151,51
130919,121
8165,6
89393,15
3989,15
131104,40
556,15
30771,7
82851,178
12503,7
132505,137
38258,43
70237,40
97912,85
22901,75
87792,121
104023,143
147667,13
10421,73
61584,165
13040,13
89121,114
101482,108
5190,18
31578,108
8291,5
37443,75
79695,34
8606,189
1530,1
16363,30
67465,20
7882,110
1844,34
64858,114
63875,92
133487,97
151180,8
4709,25
67526,28
5749,18
2819,25
160598,116
50795,190
13969,51
94986,108
18969,32
2694,20
119130,110
22929,75
54672,108
72505,29
3516,9
47410,151
21674,85
54636,75
5333,8
56647,102
45127,43
3591,7
171923,130
125882,148
72848,3
22942,20
2016,12
111733,23
15155,15
80195,103
111127,34
52288,8
24507,33
1690,106
50181,1
133807,117
74262,29
168140,92
122601,142
165142,189
61345,40
80225,23
75495,29
7067,129
169016,28
6117,34
67492,5
121601,34
31915,110
51807,114
153771,29
9364,43
43168,103
68953,108
29307,1
13708,14
82287,77
21449,34
15146,85
26020,188
62344,134
25481,3
55811,92
72860,137
79340,114
94461,1
148115,13
69295,100
60667,7
81145,20
32299,20
52915,40
15984,100
30500,28
20793,18
2011,110
23755,20
145319,1
40169,34
8037,125
32256,69
5340,200
1954,1
24898,3
82361,103
849,15
45997,72
97065,167
587,1
110042,7
36596,148
91555,8
14586,1
132155,151
118996,40
3117,8
142700,204
20793,77
613,18
72410,7
38286,213
42378,25
47410,7
140253,7
3662,85
28526,71
90955,103
9285,114
5749,7
96032,134
92753,125
29690,143
5677,151
49135,34
6957,190
77704,20
63986,90
71416,103
6111,14
1774,93
57618,15
12272,107
28147,5
61670,34
8170,5
27600,5
161317,23
114900,75
2114,43
5028,25
105017,121
15895,15
32374,3
39505,125
79810,29
104829,32
36015,7
11130,5
107601,15
57073,5
49661,116
23422,20
33378,15
44531,121
61436,134
90658,73
89124,73
36015,43
34642,114
188,154
13290,24
38028,51
69079,121
2675,9
27053,180
39445,129
2326,194
90955,51
86748,75
13554,1
188,24
57901,15
136961,143
56196,74
124034,7
65571,142
50162,29
51896,138
122410,85
68110,91
60492,8
307,189
99602,108
96124,51
63941,7
47938,199
93783,24
56487,75
26393,129
167949,91
125534,148
18978,20
33492,5
19253,7
79340,103
19286,85
76676,32
23369,33
116631,178
9201,114
64943,103
77344,103
125524,145
2546,3
18259,14
118814,92
133077,34
163869,116
61572,94
17520,1
88573,190
134624,85
356,16
94439,74
1644,127
37809,7
7634,3
61716,91
166235,117
72631,106
22046,8
14186,92
50729,167
71582,101
21623,85
21384,1
38960,50
2451,14
134535,143
26393,1
7591,85
162154,86
2636,40
144488,116
5408,1
7874,15
49844,121
3452,25
3090,3
96124,85
70277,121
15870,13
35379,23
117243,34
61025,121
61669,111
4807,99
7508,9
113609,144
131269,15
3482,10
26158,177
43129,134
168657,106
20959,13
76304,34
17357,15
81756,117
21384,19
63783,29
124224,134
36986,207
103508,142
4289,1
142609,72
110263,40
104104,142
167527,148
19042,108
46488,23
13385,5
8170,3
13888,72
6169,109
4003,7
4560,5
64844,114
7809,14
170183,142
69345,101
2036,110
1894,170
5408,18
174798,167
39729,7
39551,7
183099,143
133512,127
21384,18
38659,99
60634,72
134323,178
570,111
72694,101
84234,85
13708,180
46062,7
34441,1
151089,184
97207,146
723,99
30518,7
83438,23
19018,51
4271,165
29307,33
81047,144
16450,8
7812,134
48222,28
91567,159
65232,134
32256,229
34711,28
45181,172
31885,108
9624,3
19691,72
12211,1
144522,108
68907,15
12355,3
89393,202
20122,40
15571,8
144710,116
69266,114
1356,6
121400,171
94986,121
4476,121
120862,85
18902,34
45802,151
62349,108
66849,20
11109,15
47322,15
147683,13
35692,3
24068,81
160218,166
26550,7
181653,235
127964,127
4200,77
2755,14
60657,170
31946,110
17896,144
148730,207
20222,86
135667,77
93783,144
18906,40
30771,180
124311,135
159227,188
150503,171
74867,94
12941,7
123771,116
137593,191
36125,13
75508,101
6161,114
13969,3
17382,51
163412,116
40559,117
57975,25
13148,24
18181,1
12292,7
10070,108
69053,51
138376,134
23503,8
11040,3
76441,108
5340,19
82269,1
17896,188
45225,15
38028,114
85111,15
73560,119
4614,8
26867,43
22984,43
41702,80
12939,145
42145,8
38867,103
1361,24
40445,108
45962,15
39261,8
121467,92
93994,142
29740,28
129643,134
57075,3
47568,110
102725,20
12935,145
7634,20
3550,9
147690,7
50177,29
139007,73
18861,86
89890,144
84643,121
361,1
7339,5
171332,24
19368,15
147578,184
179477,237
178702,15
23261,8
30728,15
78494,180
132959,143
41417,8
8468,108
63852,8
2762,23
56233,111
57889,74
24544,25
47539,32
77628,110
32960,34
7056,1
120305,92
616,9
11810,15
7673,171
27349,7
547,10
57043,77
70518,110
39922,198
84677,86
157324,28
16590,1
12492,51
78625,101
22207,3
80302,15
61913,86
19418,40
86487,29
121348,8
54092,5
18364,86
18353,15
79784,23
5807,1
13501,1
78388,90
67704,43
65520,151
51027,101
119093,91
11462,8
39898,10
47860,3
178882,189
8673,172
42483,5
179652,237
62139,121
65580,138
68271,137
10730,23
6596,148
20721,169
4146,7
81170,90
161692,144
14337,33
85176,74
8369,7
125982,13
18569,86
67817,24
132808,7
9565,1
81714,15
170049,148
40536,101
25674,1
23186,68
135674,144
6215,15
127062,170
6318,85
47175,1
161747,225
39261,110
49915,23
182740,29
60707,1
7162,34
4464,20
20310,32
23157,10
56432,97
5536,12
39551,51
39813,8
39729,56
5884,191
118076,144
5028,40
48380,108
15198,184
32533,108
8303,9
12318,85
3529,108
56196,7
526,171
17896,25
723,24
46226,43
8235,34
94187,29
25947,51
9661,64
5169,24
45482,1
157111,171
20381,146
26561,7
83802,106
41475,130
152010,106
40209,34
165122,202
85094,7
597,43
18107,18
13891,137
13215,24
23959,10
37711,90
49702,7
51482,134
55598,1
4927,1
154898,85
8684,51
16312,20
2667,221
85094,213
126130,91
43129,20
16558,7
17896,121
15198,22
22215,43
36279,99
32426,50
113646,190
5282,144
26890,7
71593,116
1631,108
73279,130
4521,7
11814,8
68213,77
109746,13
83180,190
10840,5
18861,108
10182,34
2243,1
6169,80
5333,15
100466,91
169389,167
9711,18
126337,108
28647,103
43837,140
19592,74
153400,72
52770,51
69673,97
4928,43
7218,7
70220,97
129667,167
107838,188
6974,108
1631,1
169079,107
129092,148
158445,34
77187,74
13640,1
12890,85
18694,109
4,8
24328,3
22901,137
106769,134
6752,108
1286,18
35145,198
114900,15
12873,40
3017,40
613,91
148553,190
47751,140
32256,196
13204,77
93155,111
44374,100
14938,194
2639,9
180082,91
36265,110
74180,74
37526,116
92765,103
3811,8
2326,1
84395,74
130001,130
33378,1
77956,110
54199,174
78207,72
21809,92
27687,85
1456,18
60043,85
70606,109
9456,7
67698,99
41944,10
79601,23
72410,137
18966,74
4042,119
152099,23
14239,88
34210,51
32687,51
50445,116
5749,1
3532,25
14064,86
104816,117
142486,43
19617,7
125982,85
38696,101
133574,74
91383,194
51980,40
31498,108
34512,108
40426,5
80146,7
15198,121
27240,5
17305,108
6851,51
37711,137
526,194
18569,33
18969,114
95004,91
75065,72
18861,1
6867,6
135674,108
23186,137
82269,145
132959,144
147287,130
25018,1
39445,191
5163,18
36596,71
24847,92
20793,10
3414,51
78989,100
11979,1
101208,167
80345,74
25925,43
118371,108
49432,7
10597,43
38733,144
3117,114
12292,15
8020,25
73241,85
4827,1
13123,51
2294,1
39379,77
4539,114
56560,87
12711,5
4811,1
76093,20
7673,20
50937,74
119089,40
25685,74
20793,114
5333,108
9416,184
54800,92
38519,20
79594,117
23670,198
25018,228
31956,3
40426,51
4592,43
8037,51
27687,108
85464,116
86190,75
56647,29
7588,108
33378,34
142100,75
529,13
20774,99
104431,77
9456,15
547,7
45428,101
61380,43
17896,110
570,1
51486,8
5960,3
86036,138
55968,91
101915,195
153618,145
55451,51
6813,18
78665,20
13473,51
969,141
5028,97
91096,29
6867,34
23670,15
26867,108
153880,97
606,51
184423,5
2908,121
33088,91
30013,177
60356,15
30693,91
13552,3
18848,217
100948,145
131889,151
40555,3
5282,24
152084,97
134891,101
86051,1
53376,29
12816,41
129353,86
2451,19
65345,34
44450,109
960,1
79792,20
30709,142
27156,205
29135,1
132155,15
104823,114
17896,6
63644,5
53558,99
19350,34
71705,15
69053,127
48449,92
45482,13
62737,189
59738,148
107018,141
39353,33
186668,238
12569,228
19418,33
59969,142
9802,180
152987,198
32604,51
15817,24
8151,77
85176,15
32391,43
164668,114
39561,1
64962,110
125236,51
79984,7
178311,29
61213,221
106769,180
185967,108
95868,8
20487,20
13215,77
106997,43
6169,103
41252,1
51052,34
23186,20
14064,114
32740,137
4919,56
53558,127
111127,109
134642,51
16635,1
67759,77
52569,190
57562,34
71375,116
9037,9
94439,114
94058,15
19429,10
78591,144
29365,85
91011,171
66392,20
17520,142
140356,20
29740,33
158056,7
121541,108
43781,109
46062,151
40559,106
61285,43
8822,8
27683,32
45662,167
5373,7
613,34
78343,92
23244,13
7305,3
3811,99
5368,5
8829,20
22440,43
68729,76
47322,188
1395,134
10082,129
151508,3
148247,1
13969,99
14208,33
108269,234
5745,9
73436,110
92753,202
113569,74
168662,194
158296,228
86933,144
101186,92
89400,121
93767,29
2785,14
80302,101
5040,7
155190,173
39655,134
145969,146
93311,190
5184,121
129097,171
25933,33
133123,7
5506,75
33088,40
25481,29
26900,144
19286,159
110680,51
4807,85
92188,28
1774,33
5749,43
102196,13
77461,8
82384,15
3399,164
72848,106
64858,189
122094,43
75043,174
161326,92
73575,85
31915,7
6974,101
6559,99
46226,23
81295,127
114900,165
127807,40
14654,51
19253,13
12519,10
184556,148
81720,166
32256,43
12762,77
50670,7
30518,6
62333,1
44640,91
45579,117
60043,15
75452,177
1844,18
7874,14
5973,7
74262,116
36604,188
77461,13
63986,77
152087,190
99679,199
5628,85
126076,1
101270,7
526,20
9551,34
81720,7
161101,188
71331,3
111078,137
170627,148
41015,144
52569,7
45378,34
80156,85
119089,145
2287,1
164601,142
30728,129
28924,51
21674,151
26912,7
156192,3
67052,32
4450,110
36847,5
47539,43
111733,166
104823,51
27047,1
89242,110
78219,51
11320,3
12629,51
80985,85
49988,85
18945,74
17896,28
37809,114
1279,1
2860,85
65126,114
72177,144
149811,190
55469,77
1730,101
20222,172
42638,23
32604,97
4807,184
25481,41
65538,114
151813,110
59398,90
116916,109
162087,109
99749,20
8468,81
22246,8
72157,172
109786,116
19721,43
17896,109
32981,202
167225,188
185141,114
9285,76
3359,161
16823,108
8684,18
22952,33
2290,34
40133,101
85337,15
27396,77
13642,7
36103,94
23918,40
12943,7
94439,169
67934,23
85094,94
5028,109
4807,101
47634,40
26838,72
597,76
69079,77
3962,86
3111,72
13708,184
126467,189
139228,109
58750,20
57272,86
13683,130
31963,34
35961,1
19911,18
146942,23
23252,109
34711,13
57857,73
10941,20
63181,29
31745,190
21089,10
83635,25
83684,8
163054,167
3995,64
828,68
63923,171
3091,14
7702,41
57889,86
5333,184
48106,108
146989,184
47175,74
13473,43
93685,74
60245,91
40994,29
114295,117
65031,91
74105,3
44374,205
86036,85
22004,10
35243,134
133409,117
18966,25
45729,15
83667,97
161886,29
6388,20
63697,109
136396,7
49667,169
9093,20
20972,114
72020,24
3516,108
93915,103
36961,167
133015,108
57464,101
1395,34
8253,5
19992,77
60512,191
52652,15
54325,133
57896,51
48552,1
135376,117
131629,143
65134,7
78690,8
81,188
545,1
134721,72
9756,14
64680,8
10200,10
35738,151
4523,40
2647,7
93865,121
141006,227
68729,20
65903,20
39846,72
47259,3
23973,25
48787,43
117330,43
141777,135
92800,5
7162,1
171453,29
84549,134
55332,7
2459,8
46807,7
9364,34
4812,1
6851,3
91383,114
22030,3
18969,106
169490,143
78900,108
20839,15
12272,7
29784,1
82060,167
17462,43
36679,110
54012,7
12943,13
150,167
6414,14
27584,108
613,20
60751,15
51399,1
131866,72
1083,86
43619,7
4318,34
25481,40
17729,51
152385,144
66909,28
123515,73
23911,33
44563,86
120684,142
84456,131
54634,91
172497,15
62737,108
19942,32
22984,8
67535,20
2114,40
148358,40
48777,77
51443,3
129097,172
67263,72
29071,13
1466,1
48380,40
5028,102
1644,100
81500,139
12529,1
19418,15
91555,75
32739,5
37119,59
161291,23
15818,1
34184,111
1530,43
141148,190
1393,149
19731,108
66843,110
170,20
29808,114
6480,110
5879,103
556,127
14064,10
19350,13
116711,29
81867,101
20774,188
231,1
35098,74
3228,25
162499,92
24887,1
2062,126
81655,85
1894,93
47595,15
113569,3
24623,7
20793,34
118788,86
2287,81
96144,148
19472,3
67969,109
82838,3
51840,23
69438,126
47796,3
21844,1
67047,3
16399,114
143993,114
13715,15
13148,14
3139,108
66014,5
104538,117
1730,7
65074,29
7634,10
127795,148
142069,184
13969,134
7673,15
72767,34
84456,7
17589,15
167453,5
48957,7
89156,184
20300,72
181998,75
89121,74
4477,9
17896,1
4013,101
101316,34
50193,34
1530,18
43682,114
44366,15
12251,20
7882,111
48091,23
82469,91
6867,59
19992,115
22329,108
99418,91
161637,24
44445,86
175644,29
103337,117
13470,30
62939,92
97300,34
13071,1
51807,108
61670,1
7147,25
17602,114
12492,134
27243,21
37711,73
41944,109
11814,72
6756,145
12154,195
77697,28
10579,10
99082,85
40960,1
71735,121
32604,40
68208,172
1530,20
54522,110
25853,19
37125,205
127486,204
24616,25
8015,10
128337,3
17114,20
9093,18
4864,7
90086,143
3399,1
40283,114
20222,80
62036,112
3675,12
53854,90
72370,3
27569,109
51052,3
17767,34
1395,1
11612,41
6777,1
28086,43
100197,72
10953,116
7874,5
158547,15
118709,142
37366,108
116686,25
75113,51
23940,10
28132,33
57769,34
1774,3
4828,9
30213,15
96092,108
6414,51
46780,97
67047,101
83529,8
74946,5
126987,23
135326,34
5398,125
79695,92
79370,8
45181,80
48227,29
173894,114
25481,43
82718,90
43953,77
149281,51
2114,148
11072,7
5554,137
64947,77
76944,7
173637,20
8606,40
26109,40
73279,72
48106,7
23177,15
107293,75
6596,20
13216,77
4200,14
144673,146
124257,40
82255,121
20942,28
21512,117
13708,41
66797,108
71416,73
23649,10
43331,34
72633,86
66965,28
42222,72
132808,131
52363,227
32721,7
597,51
71705,198
26953,1
19368,7
18327,8
70044,7
20633,5
40520,114
29307,15
111584,34
42221,25
103560,77
118658,121
17896,173
22728,142
44228,169
64883,121
11561,188
53369,121
145147,178
78306,134
122027,23
41603,28
96032,15
158770,121
66014,121
111729,85
91271,75
7065,81
159849,195
106558,86
62834,188
2819,13
2243,73
17462,108
37867,130
23186,1
139384,114
23252,137
37871,72
69266,43
6777,40
15198,143
129973,85
73375,20
5677,103
24557,1
4709,14
32133,32
59711,7
57917,34
126078,15
99602,51
9456,121
156920,144
61436,13
12538,138
127420,8
43619,1
112050,109
59791,189
5340,8
41944,7
94058,25
129983,130
63956,112
18382,72
6117,20
23422,43
59587,15
28516,40
82411,117
42614,110
39917,129
129097,117
42692,1
84675,74
60620,73
78273,34
65278,114
42748,106
5340,13
7305,5
170358,130
66797,3
4013,7
23806,13
155190,15
39873,85
108306,15
32992,108
139467,91
101186,1
125236,3
37089,40
12754,29
35730,109
172149,40
123531,28
96058,7
112268,92
33821,103
108116,75
7952,3
124946,167
148264,237
84111,77
108911,15
33067,25
93040,73
25364,34
120475,7
160569,144
101269,161
96876,188
106977,108
309,129
78598,111
21107,72
175032,130
60474,43
50782,158
8606,127
40387,148
12237,7
168251,40
52093,77
2524,14
175539,20
4860,20
82269,114
57557,90
4364,8
89058,43
84,92
2407,15
48999,8
100466,1
56291,97
44450,180
50608,173
14966,20
45302,51
8235,141
88529,13
24144,40
119932,108
77412,171
38733,73
106946,25
94058,51
52415,23
65847,148
12760,25
17462,3
61584,15
38280,142
39741,8
82452,121
23867,101
21148,10
61824,29
22071,130
38280,134
19662,1
3359,117
47167,3
20793,20
82147,99
81559,1
84329,15
170175,7
7874,85
111894,75
47860,43
123147,3
26880,34
21160,110
161175,217
40283,40
41252,91
117243,129
168697,129
68953,29
6155,109
83419,86
1804,171
113321,8
167941,238
133616,13
47259,142
152585,103
172706,20
38733,1
17896,85
25113,109
84234,131
26966,43
122451,121
13708,134
53201,15
2724,7
32447,121
26966,86
4427,15
61213,204
5544,14
28408,108
89393,40
82581,108
160871,3
94514,40
32604,33
56995,51
14064,77
134865,117
2114,8
81222,72
38659,15
36265,1
4807,15
85587,7
1759,20
20721,121
161291,130
95557,5
30500,15
17114,25
117282,74
20793,117
140356,1
20128,72
18966,51
39315,64
72977,86
89156,170
22984,20
3193,10
21532,171
117419,40
22215,8
24572,25
13123,115
31682,29
12211,21
147656,148
120992,23
18405,7
18333,134
32070,7
40254,51
97782,51
9795,28
18966,202
46820,32
10602,130
40988,77
78625,77
35985,15
3117,177
83758,51
103560,136
25545,7
137787,178
77927,110
17767,202
33821,43
19286,114
25029,33
101189,137
82910,34
92110,72
129097,143
154949,97
75297,40
9565,34
15091,1
182150,29
24613,77
22260,1
78204,7
61213,199
164024,188
38280,1
47912,8
2755,10
31362,1
175694,108
69328,51
65075,110
3590,20
12611,3
13129,109
18569,50
25246,80
108269,170
127593,15
64336,5
23177,103
19587,3
12415,177
10730,15
150231,184
60657,7
6616,32
80006,168
35806,33
80748,56
57896,114
309,34
55061,1
36103,99
49135,101
113693,188
51807,144
723,43
68271,15
125982,94
3479,92
47378,40
8235,23
26867,114
3117,15
20079,5
1456,64
21410,15
19184,90
17305,114
7874,9
53301,97
54179,43
11810,7
7067,15
124749,1
16219,72
6559,34
12935,5
96140,190
39793,40
78989,23
106973,74
6480,108
25500,75
36035,43
16467,162
5184,59
86190,15
19253,40
27683,5
171,3
56574,85
161586,77
18945,3
13216,40
151180,142
16558,34
44464,40
20133,34
39445,121
23755,190
169049,92
39571,7
25364,1
7812,34
137786,94
94655,1
8042,8
5398,121
60986,74
55796,110
35494,1
14913,1
17809,189
5219,1
5340,64
12611,43
137500,144
84450,117
124311,101
67636,20
32256,228
48957,73
5879,138
177298,23
52851,72
167628,77
24060,15
32133,51
138744,144
32374,15
48207,109
124224,20
1717,3
103811,29
120475,92
7682,190
51870,51
2918,32
14064,3
62915,1
20438,85
114955,40
19042,5
9285,43
55776,189
13195,10
94986,117
108200,51
57769,1
62737,40
10840,10
29307,7
163235,217
23369,3
20740,110
59789,93
98283,129
25488,7
27029,111
182154,144
93644,34
35689,121
4689,20
15512,15
10182,43
9303,23
29451,178
50377,20
120215,24
159166,145
4348,15
36961,117
88625,114
12519,64
104538,121
77547,25
133716,119
125027,117
31298,34
40729,86
5028,18
50235,90
99249,29
48952,188
3397,28
156704,121
44245,7
44450,51
15472,14
101186,191
160799,172
40198,85
129518,15
7874,7
181919,172
27243,34
17378,7
167787,15
94203,23
87599,121
56155,85
75934,1
65531,7
30500,64
11756,10
17788,114
43026,20
147107,195
26880,1
18569,40
37332,15
78306,110
77469,108
17382,144
74427,29
12584,25
63269,129
112398,34
151096,198
182014,144
90955,169
23755,114
25566,15
32829,10
94100,13
73171,51
38451,20
9756,86
39316,64
17896,78
57020,5
154637,116
118606,74
35719,1
1338,1
70374,138
28495,20
50670,25
13129,5
73436,20
3154,114
17073,78
44714,134
42709,101
106252,43
128647,173
115378,72
83707,15
1894,73
4200,25
19233,1
36167,40
17853,7
64336,15
4289,114
60351,86
156331,135
21532,134
10463,19
3769,9
76001,114
17369,10
8037,3
16234,18
165737,178
161508,171
132808,15
7305,116
32712,40
9349,138
1894,51
24847,34
47259,51
100016,43
103337,143
82512,198
36898,102
112538,86
12154,72
1774,32
12843,7
179995,29
107498,109
151912,188
31214,7
6610,109
17551,5
73731,86
84234,165
60657,129
86761,32
21384,43
2451,1
67908,15
35286,59
2129,1
109563,5
29954,1
158473,23
43129,74
155997,1
8800,114
62729,15
52939,7
66010,114
165961,215
25124,34
37299,24
67012,77
56326,25
40133,119
36171,117
157567,75
53660,212
9349,25
22589,169
13554,164
14337,94
4521,114
180725,24
21674,15
89393,149
16090,25
5373,13
4544,59
1806,103
76017,192
151136,43
44843,199
32533,114
46014,78
101467,165
124663,13
64554,7
163598,165
3519,75
13708,22
42444,51
4797,10
29239,15
100567,145
30355,34
2908,56
5765,15
91229,20
19805,1
57829,101
60779,32
59592,90
103407,7
5998,114
162613,164
68203,1
73731,121
36961,72
72874,25
24635,43
176297,134
145969,5
2785,15
13641,33
136908,199
67853,5
31931,134
82266,99
83903,101
177083,106
36898,64
160351,5
109479,74
15322,15
8364,13
29071,28
31915,51
2290,18
1104,121
77755,167
10796,8
91966,1
2062,3
125798,15
53356,115
151383,188
147578,198
64308,5
131031,15
55292,92
124257,43
253,108
98381,121
55981,5
132206,103
42915,86
68027,91
101010,1
16808,25
55691,101
40803,77
98946,7
8266,10
40445,15
60512,121
163708,1
94638,110
62280,43
106997,189
62834,181
30518,15
79179,5
6054,12
137829,34
156234,171
40988,5
80513,5
31578,114
144710,217
723,3
129097,120
72177,134
19703,34
5671,151
67799,5
72279,86
66014,51
8525,20
4860,188
50393,23
57149,172
24072,20
58750,114
60293,7
13216,59
7162,18
70060,93
17896,20
27349,51
22276,145
78341,74
106769,108
13312,20
63139,29
14064,188
29083,24
29740,86
60667,151
63252,8
27414,5
39124,121
65469,40
156503,139
8502,76
17767,114
54697,40
153656,43
83576,101
94240,91
22263,3
125970,114
36279,121
100466,100
32520,7
130300,167
22952,32
85379,51
6393,21
78624,20
60654,8
259,3
53700,87
71640,40
35961,188
108396,172
113693,85
53547,178
3074,8
20122,33
8549,23
45170,15
1158,109
3039,1
122659,212
4203,129
1596,3
31915,10
77861,13
47175,114
25763,31
6318,7
45203,108
35543,91
313,138
61436,94
65469,116
23649,20
11604,108
7051,21
46532,148
13889,130
1361,13
4318,20
68146,114
120950,92
82385,92
89890,24
10560,121
27003,85
187639,29
101269,43
62904,165
4592,9
7590,33
132961,139
124760,114
25018,7
12608,34
143525,146
1697,10
37125,75
12592,81
21680,8
8199,109
120230,131
81,1
44843,34
12762,3
21000,117
117036,25
100466,142
19663,23
20427,5
13874,169
110263,151
58177,20
4517,12
32033,15
7710,43
723,7
9005,8
147654,116
94254,109
1854,51
64322,43
32520,3
137644,172
17357,7
66110,91
2679,18
120072,75
59398,138
75297,43
32805,10
105879,85
67047,77
166920,221
83910,97
15591,10
5745,32
64627,34
72158,25
18569,143
81655,15
129097,3
134191,74
12629,76
116116,7
155977,188
16558,18
130724,15
180206,178
14913,24
81849,23
42175,5
49661,24
13126,5
95862,101
113629,15
18902,43
31063,74
20300,3
30860,92
84395,73
15146,7
13473,40
23186,7
34512,94
24068,15
12359,43
135177,40
160513,127
56508,1
84209,107
2694,1
6414,20
68143,77
93625,142
2684,15
14064,8
3313,194
15124,14
186547,238
1456,117
20544,1
2908,101
54179,138
100365,24
22059,3
6480,165
81047,108
150705,134
28665,15
18861,33
120215,188
6481,170
126337,129
137770,127
124311,90
87754,116
11622,178
9661,19
4928,3
122659,43
39741,195
52431,7
131448,144
77906,7
4063,9
25246,86
134624,121
49579,90
63077,188
146754,110
52091,103
3428,86
34838,109
65847,116
12503,33
4205,8
46681,51
154484,86
50937,116
49395,15
61481,92
77203,108
92846,110
47175,43
52122,199
7590,86
35166,5
18367,5
73560,137
130346,129
39084,74
4460,34
48070,8
114900,7
9416,130
72484,121
93865,108
70494,13
35536,7
121772,110
2819,51
184851,43
126467,108
9509,75
77412,129
43899,146
125982,7
90955,137
50729,43
107694,135
97707,1
20787,1
13040,5
9551,7
7883,5
21623,127
101482,8
63359,114
85873,24
76128,34
83758,86
11612,77
12211,134
22589,1
29690,6
126467,178
18906,114
83525,1
23071,90
23628,1
31578,51
62777,15
35961,139
82255,86
28375,15
86415,108
77906,103
23556,173
28241,7
5087,142
6669,7
2676,13
18725,3
34160,33
167732,142
124257,148
23911,25
71880,8
183039,74
39811,170
22337,103
37711,15
134167,144
22984,97
8606,97
174372,144
33088,29
51027,108
154578,74
68953,121
1667,34
50887,145
58368,3
52592,51
141006,127
26561,15
969,110
63269,8
54378,77
307,86
87419,116
8170,40
82512,151
119302,195
164897,5
14344,130
83913,8
132155,40
86285,74
73575,7
529,131
118940,34
9456,146
36125,94
14064,204
5398,1
9638,1
134642,109
90285,194
29690,252
32687,5
139597,114
51870,202
156511,34
3966,137
73560,24
163678,108
58950,8
5264,7
15146,20
131810,8
49579,131
31963,99
15851,86
167629,77
32365,1
14337,18
23503,40
52376,13
80122,34
5165,1
77861,77
59969,20
92662,75
82512,75
27243,18
78437,97
82445,8
2450,5
1530,73
44645,117
125122,188
131349,72
6259,3
1759,7
34711,59
5040,127
47860,20
134132,114
31922,129
64180,195
1697,110
356,25
31813,116
120072,115
50115,72
16042,25
20159,34
89298,24
28712,151
22263,43
2016,1
23506,85
172108,24
1279,34
154345,163
62231,85
73138,20
78306,8
100466,134
97782,32
11293,151
7673,14
67078,15
30282,34
131261,40
5879,85
5270,12
44464,34
40812,166
46862,3
4296,171
131810,7
161586,101
77478,1
25481,23
108022,117
78609,40
26867,86
3479,40
111390,32
4203,137
144345,20
128265,15
83221,109
12519,25
8151,108
141240,110
66805,101
101862,13
36881,5
120123,24
75136,191
19409,5
51482,25
29740,90
123147,72
80609,8
17574,13
147830,15
39979,28
19697,7
132155,51
4584,15
10560,108
124823,8
4780,18
4548,32
34832,172
76093,34
14966,1
11622,134
19170,7
147656,180
182878,86
139597,101
6386,91
150705,5
47378,15
37358,15
27349,59
43129,15
32992,10
19731,7
150845,8
17890,24
65232,92
119938,119
145660,8
66823,51
12415,15
20793,1
7591,109
73151,7
3942,103
120862,127
8468,1
30246,1
51901,159
3806,15
83678,1
25029,97
6616,109
4455,127
29690,121
50193,1
122853,110
5628,108
38084,15
1736,1
1933,1
4079,7
12608,15
174156,198
68891,1
83623,1
45853,34
53347,1
35172,5
3091,74
849,99
52363,189
184075,148
51812,23
61669,1
57896,20
13501,3
109787,109
62803,34
72291,144
50895,77
12318,29
86748,177
13026,8
13888,23
2354,34
7590,25
7812,10
66797,25
110263,137
30013,15
40027,40
120072,198
22080,43
27805,43
35445,51
27516,114
4614,162
82922,134
40387,99
78085,146
7874,103
52196,23
22394,3
1722,5
32960,43
76199,110
1894,21
8049,129
113685,146
136694,74
177053,24
104823,74
169039,228
31915,13
45997,40
107694,77
35098,73
30500,3
151508,34
4560,85
39784,73
48380,114
134624,51
8369,77
110680,109
19285,51
122969,72
101733,7
106973,40
140217,178
129145,86
73377,34
30032,28
104829,204
26008,103
21674,202
61033,15
11516,32
6611,7
37455,177
12406,7
19023,7
15898,85
158509,1
73056,24
38291,71
9652,20
83903,23
27259,18
63986,51
93040,24
7998,109
38630,85
67052,108
166166,23
93783,108
59511,86
36205,145
33269,3
32249,166
50729,1
11839,7
37455,43
18902,18
63125,13
17896,205
63370,92
2636,3
13470,18
35042,109
94058,188
3359,238
35323,86
35795,7
52287,142
39713,167
112033,78
76441,7
39551,103
32342,43
31926,34
82341,13
77461,235
70295,97
3479,8
86145,8
180510,34
4850,1
29071,64
19721,7
61172,40
56088,90
6388,9
28260,7
9432,20
22349,1
35830,24
61904,73
70326,114
141712,178
1688,29
8182,15
51911,3
108599,199
2245,40
21449,59
47148,32
19563,3
131365,130
7992,107
8917,8
3487,15
84209,117
29340,111
57522,7
86709,110
30454,3
138376,144
43682,77
8165,34
91102,131
6559,3
5789,8
93715,20
21411,151
44374,149
54697,114
9319,15
88573,109
142486,227
1730,3
39729,74
23223,7
16886,8
10082,92
156338,92
79695,178
17896,204
20487,7
84057,121
45997,3
38596,130
20110,43
67698,169
17854,15
120305,91
1537,125
57043,115
48586,73
97566,142
20793,43
11130,18
94506,92
56972,51
10546,85
54325,204
31745,121
12608,238
11687,1
53201,1
12762,25
12413,137
77741,101
6022,9
14774,14
4807,171
6480,85
4227,30
64336,166
2243,33
99595,108
1631,43
1104,43
12347,3
101186,111
101530,77
68953,116
81093,92
7936,9
51482,5
44450,146
23752,3
70606,188
124257,114
12754,1
22100,1
120,1
55824,178
36205,116
100851,101
140666,188
111419,51
75056,116
94805,146
24851,74
59969,114
53554,8
2245,51
30057,76
109786,108
123142,148
77412,108
71732,72
141807,195
3611,7
10611,32
85715,23
5040,41
32426,72
87187,24
5187,15
99206,72
1776,23
23090,7
4614,132
63359,99
15815,165
63869,1
100747,23
23533,10
53934,91
8364,94
65872,28
3487,1
64939,1
4646,9
14533,22
72943,108
186469,85
3414,99
29307,109
53298,109
73856,51
12603,5
60827,25
72834,180
82445,173
2557,7
102067,23
12858,75
7147,167
78085,180
26880,18
60245,134
51634,8
4327,103
28924,15
28665,90
159219,24
175729,172
4203,7
48552,23
94089,151
65706,90
100242,91
48995,1
104823,134
103731,40
144159,91
13312,5
62638,112
110823,103
41521,77
28467,92
23652,15
43754,7
6386,8
7490,34
47840,101
168122,75
122659,8
7882,7
127387,129
40022,72
2988,3
78219,1
70124,75
24597,33
5171,16
17896,72
1759,19
18848,116
74846,40
52569,116
93040,108
120570,144
24377,33
26808,1
31235,32
129705,173
37809,20
75955,32
3328,86
19221,13
56283,34
40061,33
72228,3
70970,194
142647,116
26838,71
66614,101
166167,108
85989,7
32256,188
9308,85
122853,134
120803,92
61976,116
43197,72
74918,15
162108,148
77658,109
2724,9
6867,20
1456,7
6169,43
24022,202
72977,109
171936,34
157458,91
4521,8
732,1
6699,18
47148,109
34711,1
58349,151
6393,144
59398,135
15761,13
17729,33
13312,19
18694,86
55555,71
150223,171
249,1
2785,134
16068,34
3192,34
49043,29
150430,109
5960,7
67704,23
148257,13
14554,15
108116,13
63903,111
39551,85
7147,9
84244,73
159312,145
20096,5
82771,116
68143,20
60716,25
35738,7
118950,174
17767,116
53660,137
99248,73
45982,78
36285,33
50282,5
582,129
72943,40
5770,109
3834,188
64031,93
20017,51
3821,13
25602,86
100466,178
21461,77
12275,3
123606,23
64663,77
59969,97
48066,28
20122,29
101862,108
116149,8
28016,121
17855,22
67012,142
77347,180
9509,102
79695,191
85911,7
70221,121
8330,114
39283,50
93783,174
32604,86
36265,51
76294,29
128265,13
7176,15
6649,142
63125,195
9358,7
1918,3
103205,188
35689,3
71352,15
8950,102
120072,5
98677,23
30728,85
5189,7
20635,20
60298,181
85130,198
36205,33
52091,114
142785,72
828,51
94986,51
24066,77
158296,1
24184,33
13641,3
60312,15
94986,142
94089,90
43133,51
4807,5
46820,15
44155,15
69418,7
146544,198
169811,1
69438,86
5190,16
64284,20
143655,92
27516,15
31236,51
9416,7
24635,99
12771,5
24613,15
11320,20
153687,130
27585,7
145247,8
55432,51
60620,110
23506,137
68271,101
2694,3
78306,7
133470,167
24222,72
6318,5
107498,25
105161,137
156395,3
62303,92
85647,23
164794,151
101189,15
3532,43
2888,237
89367,25
60720,73
36279,108
3915,9
113047,108
17809,8
6813,1
26833,7
29307,25
73560,3
67676,77
103560,101
72860,3
23177,92
38383,8
14337,1
36840,131
29740,40
36720,77
40574,40
29377,90
147700,13
63941,15
2955,86
40445,40
173758,237
10651,10
44091,15
904,196
1570,1
170811,189
37455,15
24880,33
94390,169
8502,13
17853,25
12415,7
148204,97
58349,103
40283,15
58349,170
6161,3
1456,19
81244,7
39561,51
41490,51
67778,43
93886,7
13048,194
134507,77
23958,10
60512,202
120862,1
35536,151
35985,51
77043,101
51919,34
4337,18
6386,1
95868,121
18279,51
11911,23
157537,29
18902,5
128483,167
6867,10
110263,119
2290,142
127353,8
44843,77
23422,10
7386,3
7007,3
5477,198
13969,1
3816,10
55432,121
597,177
3865,14
68953,8
5005,171
154898,7
124663,23
11947,10
2407,18
6626,1
2169,20
7590,188
71097,148
2949,190
99483,101
113569,92
57829,40
63857,8
23097,75
37257,15
35140,33
13543,108
54179,177
67615,101
102725,51
111127,29
51534,114
2290,1
4573,9
52091,141
62156,111
127164,129
49844,172
94764,8
142069,116
64883,34
11801,19
66427,91
32851,142
133203,117
126110,127
47246,15
124736,8
51938,101
25947,92
1565,178
110960,199
18553,116
84046,7
2634,1
75411,148
52233,43
122010,181
52569,25
8141,5
40367,7
18969,146
147882,85
14955,7
4548,20
78624,25
21020,8
3830,9
104992,103
66843,114
68594,7
157005,34
8293,3
32312,32
54382,20
67759,121
4805,43
31362,3
57896,145
99238,72
20787,40
73678,108
13554,43
149738,195
153821,15
136360,5
7147,43
110823,144
46686,40
94986,85
75788,34
19621,41
4450,18
188,207
55332,15
9456,33
131261,114
71858,3
7992,137
105767,8
47175,194
20088,32
7673,172
80031,114
172370,167
108396,121
173889,8
1393,7
103560,135
164535,97
134171,15
17114,195
91555,15
75186,169
70339,13
26220,3
28200,180
177011,15
9057,8
39713,72
39124,102
22929,15
93625,29
68255,127
77032,29
124224,130
78900,92
29451,29
141082,1
33088,92
39811,20
173536,24
52569,5
38307,8
8182,40
36604,40
144245,116
109787,172
73678,34
100466,20
136579,121
4003,15
285,101
14064,125
101751,110
76794,191
5477,90
25098,142
62567,111
6796,7
65469,108
15497,15
175110,215
20265,18
36205,109
45203,77
2785,25
41766,190
124099,108
6393,92
125961,1
31922,21
5960,43
2245,202
55796,91
65976,51
108200,202
4182,177
73142,51
6596,177
545,92
48777,69
186469,114
97782,146
3189,114
11663,29
38188,50
21185,34
12123,19
116511,73
98283,1
99238,86
2243,134
35795,151
57043,109
98677,3
103215,72
4614,73
25800,108
79196,72
35689,188
165729,194
12770,142
16962,114
19445,3
904,7
3189,14
66414,40
11435,5
96140,32
31214,43
8597,8
65278,108
6699,1
58177,3
161041,40
136634,212
109326,198
8293,7
69266,85
32587,15
133286,121
125457,114
2173,3
16441,8
60783,25
12204,7
63692,29
65754,115
14337,25
11831,7
148264,188
5515,12
39726,81
67676,114
81720,85
45428,81
92195,24
1530,15
182188,5
45615,195
110309,146
64180,97
364,1
2724,15
92732,43
75179,8
47148,74
185463,20
14938,74
74738,51
4867,85
23779,205
23603,117
34265,110
130646,114
64948,32
137166,206
22942,142
18709,32
138072,74
8369,34
119202,7
84395,7
124877,116
29307,3
40445,134
7936,33
136943,23
83369,51
30454,43
5040,43
78388,114
131016,92
2785,20
23177,1
13708,235
142587,24
4603,74
143525,116
67808,198
3867,9
25515,33
83180,109
16467,8
117870,1
16219,69
3191,10
9316,9
80156,134
111807,75
43682,117
529,34
79628,20
77861,106
147078,134
11704,7
104992,169
12382,7
51482,43
39918,108
9093,5
24184,20
106973,7
17896,184
5133,91
253,13
12935,43
3110,3
42145,125
147990,13
29485,167
59969,145
170484,15
49120,29
26966,20
38736,91
85111,188
3192,32
85873,144
84046,138
82266,1
64005,85
134769,101
5677,15
112050,3
9645,34
15415,18
102837,108
122433,92
4200,9
20661,1
60707,51
1341,1
23755,99
76271,72
53547,91
39561,142
63956,91
71640,73
106940,144
9509,59
40445,72
43682,85
160620,7
66910,119
137786,108
77640,92
39571,85
5625,12
37125,159
78339,108
18969,27
33194,51
1780,14
28200,86
13888,73
155212,34
53242,198
89289,129
46405,34
36986,146
16558,51
36015,20
95748,106
57834,134
79663,1
26704,7
60492,189
56937,40
87339,75
147742,13
7882,202
22215,173
75264,74
44228,15
36898,75
96974,148
82581,171
55447,91
6759,51
1356,30
58349,145
35961,56
81793,5
5554,7
23422,97
104941,1
85678,8
33654,1
32466,10
105526,85
3568,51
9416,34
5685,14
15497,8
66774,28
128637,15
147865,13
88135,86
28349,32
74345,29
172465,202
31827,7
120950,91
56155,173
81368,90
13794,111
15761,94
67492,115
29954,85
83333,15
39842,92
101643,13
60016,97
74869,85
100587,72
19617,74
66014,1
5704,1
37614,77
11063,7
40199,177
63370,34
129345,77
69345,135
61186,40
59627,7
4012,51
3192,170
7411,33
37593,73
57468,7
3408,101
11036,7
43781,40
60630,110
67766,51
3662,114
42956,142
7882,137
13874,43
184870,195
22589,171
76913,92
9308,103
6821,9
13708,15
128170,110
110271,1
12318,32
5807,69
12756,146
22394,1
21160,32
39124,20
124877,202
72088,108
1456,32
56626,101
78022,51
6835,1
83192,7
12446,5
47148,86
76701,40
181614,20
2243,14
173172,40
39537,51
35094,110
969,134
16973,74
63246,51
4450,114
9225,142
165600,34
68463,171
76823,23
64111,93
21296,32
30728,34
78219,111
137586,178
6559,20
104635,72
39544,34
27783,116
63981,91
31926,8
168768,5
36279,7
75788,121
13874,103
12771,139
100171,134
1356,114
4664,8
28526,195
17729,110
101726,134
14895,14
131365,72
40254,114
131054,8
49579,205
93754,73
129097,43
7809,25
44805,109
8945,8
179324,40
23847,10
30192,129
56091,108
26955,7
56196,34
87099,15
4314,1
69266,134
67939,114
142398,20
125794,7
90658,188
117282,133
27160,7
14812,33
64322,20
81809,72
3177,161
170535,171
150097,195
20793,21
63923,43
51482,108
36205,20
15902,212
828,200
20710,20
61875,40
17896,51
128637,134
39729,135
49579,15
12580,7
22215,90
40354,20
184473,188
9551,33
12211,34
5233,30
2011,164
131971,85
38280,34
11814,77
120107,1
30728,103
90955,138
35323,172
17896,115
50263,15
4659,25
19409,23
37141,5
4294,9
82324,101
44374,75
805,40
6132,43
152385,114
18569,109
25029,43
4289,88
42748,1
60883,20
14835,22
61285,74
12211,15
39251,7
12081,117
15751,101
22608,8
124897,92
128843,151
89367,43
54199,43
118955,20
92431,108
5355,116
23186,116
22897,3
3516,20
19042,114
59969,92
147882,103
19684,25
9358,1
60043,148
78022,1
18966,29
30860,91
1038,3
133157,129
153243,190
849,110
15815,196
68627,85
48957,74
129518,110
24613,7
10597,74
68255,111
93915,114
6288,85
67704,111
185230,25
18353,7
71870,103
139024,74
3193,108
52280,195
53073,108
151545,130
32732,10
12154,142
114900,184
43799,101
47389,114
39229,94
108647,121
93311,121
26732,5
36424,15
103560,173
158056,212
48070,97
118709,92
109166,117
173716,188
13123,134
10829,10
14312,32
16953,1
3769,28
48207,146
23660,97
5040,1
5270,18
2684,23
26285,1
31225,25
770,178
92047,74
124736,92
63139,40
1776,12
22926,32
8048,3
25029,1
149034,72
72177,24
45412,28
25239,94
396,18
127868,97
37455,148
133709,15
79097,8
26900,51
582,34
104829,25
158429,121
36898,81
91229,189
8921,8
63541,93
75179,132
18861,238
107018,7
12992,25
102078,108
1806,31
77376,7
3550,7
66823,5
50782,43
19472,86
96144,74
368,15
48999,43
30073,15
39884,34
2785,144
11516,178
13794,21
94121,121
30110,75
57857,86
626,92
145158,90
374,34
112932,117
72306,164
23928,3
38028,97
71880,202
57562,114
129097,34
61276,1
53918,77
110263,72
3871,99
2724,5
2680,20
63708,93
129147,121
3359,20
50670,92
4450,5
27516,7
2744,3
70396,15
39218,75
35405,178
4539,9
57896,97
37711,7
64683,198
77707,7
16973,32
9316,3
12503,3
2114,10
77704,34
120839,91
20774,13
8015,137
23506,127
80345,121
77598,72
129353,121
83258,101
67007,86
36103,76
171159,108
151972,188
21897,15
96876,148
3414,114
26412,74
3516,40
44299,91
131357,167
26109,33
76794,34
25196,33
25378,34
25018,116
9416,148
7484,3
61976,34
12482,7
12492,106
83637,77
75065,148
9292,9
83662,91
27086,15
47259,145
82361,34
3962,15
12578,219
72834,100
136396,188
25018,92
67759,7
130618,188
6059,3
60827,8
68993,20
6699,110
122148,130
14913,40
31063,15
76676,161
141090,202
9589,1
64163,103
13148,25
45482,129
54155,92
25769,103
161898,144
120895,114
10560,7
4286,7
153367,77
6308,34
107339,43
120185,217
336,1
44563,1
2588,3
12234,25
90285,8
64163,43
71671,86
33821,115
15751,15
39842,110
73560,51
27029,34
39218,15
17767,1
68208,25
969,23
71262,74
51030,40
13786,24
2694,15
17378,107
84070,106
36015,34
40536,5
29740,85
19511,20
125284,1
2636,9
42895,43
70724,51
1650,10
15902,108
51482,114
153663,144
4950,1
72694,173
162275,108
11063,81
93644,85
73361,34
51350,8
84549,110
2785,51
65976,24
99249,222
40251,51
44374,15
116229,171
3359,8
50394,109
3769,3
133079,171
9509,145
805,34
19116,178
8151,5
86036,7
12070,7
99249,129
182703,188
5028,91
28924,25
39726,77
11604,145
104992,43
6821,114
117282,252
50282,171
34979,1
15955,188
91229,51
125648,127
3177,32
4200,32
180725,144
17225,227
48957,90
37455,75
2860,212
33067,140
19992,3
76093,114
13705,15
65520,20
121772,121
9308,137
29740,143
28132,198
76128,116
96192,72
4573,25
60657,25
581,34
3662,173
43286,121
10473,10
93886,138
77906,139
4271,103
47569,114
6948,85
33374,1
145965,110
14886,7
52652,177
106006,32
33448,3
32604,8
154055,28
19668,43
5028,43
6974,85
29740,71
92431,189
32397,58
81971,127
47595,194
84564,121
10694,23
38616,75
20128,1
52569,103
97833,108
13470,15
529,137
32989,189
14064,106
61213,228
123147,141
12935,25
50785,7
20700,33
177656,195
98221,117
119423,40
134507,109
82361,168
113569,91
83180,5
10681,50
34210,58
68993,1
33148,7
13708,127
65571,102
70353,28
93079,7
61186,164
48856,148
95868,133
2465,92
18906,134
169381,198
7936,59
86748,85
38550,40
93311,32
110508,138
19150,5
9349,1
144947,117
23779,75
19318,146
64284,7
4709,32
74293,29
6386,23
58349,8
1356,1
14186,130
165219,134
5884,3
5040,71
41766,32
13451,3
20520,1
134045,139
129097,130
129021,94
50235,77
19992,40
172819,85
12935,20
49844,204
138237,217
3568,7
29365,103
65976,142
27783,109
64890,93
83419,121
146896,72
16363,7
173686,51
4780,110
6596,137
36171,160
78219,91
1578,33
2667,146
4573,8
137124,24
5340,50
12608,106
142297,212
131210,121
21160,5
7411,25
38084,43
168957,228
129973,151
19368,131
61803,102
120475,85
65538,108
15902,148
77461,116
15815,43
64943,15
37809,32
60474,74
29221,108
7484,109
61429,97
4539,15
12538,7
100466,92
39729,15
17896,86
14931,137
7588,14
28924,32
43376,40
32342,33
23252,92
11063,25
39613,50
142632,114
90934,195
2243,121
15081,14
56755,77
56722,85
57728,15
10724,10
63473,111
29740,117
78609,25
14913,29
61285,121
39713,8
106906,106
47568,23
51896,43
24470,184
7586,181
71231,15
566,92
38084,7
63201,111
174514,86
128637,202
84132,109
93625,172
26890,137
89901,75
61033,114
24544,3
29135,91
78306,20
78022,15
84220,15
14913,121
141082,108
120830,23
67766,180
4113,1
137678,142
93311,133
1736,34
130471,28
2647,15
40477,7
40994,3
148815,117
19368,127
21809,8
153720,142
26867,109
186016,23
21097,34
85379,24
9858,19
174370,188
154898,135
43129,101
4668,7
168715,77
36881,51
89156,75
57043,86
17382,108
12492,24
177011,85
166211,28
84593,8
63382,20
21674,75
5355,5
556,85
149093,198
4867,188
81,74
51350,51
4675,20
164127,184
20265,34
98946,75
13577,15
56155,136
4521,30
13123,5
3480,15
29340,3
167143,172
157869,1
135177,188
159821,215
155422,188
124712,8
122659,189
22913,90
121467,91
168957,134
63269,25
15213,7
144488,168
7673,32
8364,20
66796,3
73233,1
6022,14
27683,86
57829,56
356,34
78085,172
14064,110
12757,3
99602,134
77347,101
78699,25
73954,7
58750,90
81168,103
67012,116
18181,97
5386,114
43286,5
3529,15
45073,15
25481,112
38659,114
64175,127
14586,111
3550,3
4521,189
17497,176
35961,43
133616,108
7754,5
60848,25
16929,3
32712,111
73560,75
612,1
12503,184
31827,85
154584,106
11126,101
11137,72
13969,114
106997,8
94805,40
101589,20
15146,3
141240,108
42709,72
35243,34
7358,29
7682,74
181328,144
8950,92
9551,171
50301,207
120895,13
124257,86
32687,114
14227,127
45482,92
83635,3
56554,119
39585,34
93625,24
147690,188
15868,32
53558,40
14216,121
13708,23
126568,114
17872,34
47595,103
84220,7
39713,168
20438,25
35323,121
65580,101
100455,97
76574,91
18906,74
130821,170
23957,114
38630,127
7682,33
11612,119
6308,18
12618,86
10597,114
96876,137
12941,76
266,1
173353,20
32426,71
96032,74
26912,85
3675,10
109768,13
16986,7
27200,5
526,74
56769,167
112445,114
60971,86
77547,15
52376,94
3414,24
13708,90
5960,188
134007,117
6414,5
2114,34
6414,34
52592,40
112979,29
30454,1
36819,15
1697,20
108269,198
6559,23
60043,151
6132,228
10255,10
148724,135
37639,13
48660,23
55776,20
343,14
47246,7
5611,33
77956,114
114900,137
17462,7
40729,188
3557,9
127972,129
18969,74
86035,7
20300,20
49667,103
31997,145
52126,74
6752,34
1158,133
31873,21
14746,3
41521,40
21371,5
34711,195
19285,146
23157,85
5133,22
53369,108
74828,29
18107,34
88529,86
45997,43
61033,90
29764,32
33378,51
169065,3
5184,10
34776,7
39767,13
133730,121
128483,130
43614,15
107810,101
54800,5
7590,93
3110,86
49988,15
75000,92
18405,5
7605,5
49724,91
5879,43
128637,7
113236,3
165159,108
116229,200
3127,3
106973,190
44407,51
35494,111
77347,139
35830,139
10715,1
18906,7
15870,28
34838,73
4271,177
56784,114
31915,225
113591,103
48385,23
4573,51
77188,108
126076,108
48795,34
57971,142
78152,1
8221,13
38659,43
35098,43
33194,204
12858,43
7490,68
48459,23
11688,188
113897,1
11979,3
64672,97
3809,3
28408,114
11137,167
28433,77
72048,116
94805,86
6388,3
171174,110
74946,115
34958,190
17896,87
20793,173
36278,43
9645,1
120684,176
3590,97
7590,145
46014,32
22728,72
28712,85
73947,116
20544,73
5133,21
74255,29
15213,76
81813,5
59791,166
3519,15
68208,134
12762,43
69895,23
19150,7
12592,43
141511,108
101643,167
159150,142
8204,43
9589,18
19253,15
134624,213
13148,115
58177,25
41252,199
78306,137
2557,15
4271,131
182592,235
38258,109
43565,116
21089,29
135376,252
184908,85
9285,40
11756,34
75648,117
168512,195
15851,121
5040,133
6699,34
160325,91
14064,51
18969,108
38258,74
125457,134
173454,7
31790,32
109545,114
114900,191
18902,108
55848,77
51052,109
159875,34
145675,110
356,85
66797,15
7065,86
124692,108
7992,114
40036,1
14337,71
89367,114
8369,114
77731,23
51350,40
78085,134
104816,121
83441,111
5333,14
95974,29
178154,130
8950,99
9430,85
28855,20
119202,1
1100,91
59738,23
31922,91
90285,99
1338,68
71532,34
1894,23
5749,14
25947,91
121181,217
7952,74
26397,33
114159,121
39261,137
41952,97
78219,116
167715,23
76128,43
96124,181
33378,110
2785,24
53893,86
48207,158
38888,50
19176,167
5506,12
1736,3
81867,103
47595,7
87503,188
61380,8
32256,219
112398,114
12611,40
82452,20
170580,167
131971,75
49654,74
65134,43
89289,116
100724,92
96347,28
126375,34
54323,91
188,1
83531,117
46226,148
84244,24
80861,108
5005,1
30860,1
49661,34
27349,28
16666,32
147970,110
4614,144
82266,127
36279,169
3966,43
7507,5
37592,15
39537,43
6318,107
142515,75
13969,102
92753,121
127304,188
133079,85
65538,1
19285,134
23354,8
67012,106
64336,90
31933,188
61385,97
90738,224
74646,1
51486,43
155471,171
22207,74
8829,110
16219,43
76128,1
73171,24
5992,109
5087,16
11130,77
29307,10
37610,235
35177,7
12503,103
99939,40
74264,29
102725,142
133574,194
33821,51
5950,15
114373,114
85458,116
33743,8
4573,18
158804,171
3428,109
92662,205
97614,100
156383,144
1478,15
49579,99
82554,114
12446,3
1573,43
93155,1
27342,1
23967,3
64905,110
37125,237
5355,121
6867,14
4573,3
39084,114
3074,7
91383,196
6393,184
23231,5
41449,72
35145,43
50895,138
146333,5
105017,188
78658,1
16219,10
64163,23
182391,196
102451,108
53484,15
67794,114
90691,15
33684,130
37526,20
68716,25
16808,3
78263,108
101900,25
112401,115
17896,92
49048,29
84331,97
90086,13
102196,235
87450,3
25953,33
149351,13
3529,103
84564,125
30860,21
131122,129
5884,13
4484,100
3117,165
93734,110
13148,22
8582,43
309,85
74427,13
56822,5
26867,99
5554,101
35961,173
129643,15
129097,188
27159,7
15898,7
172223,92
6388,109
25533,121
41944,25
15902,165
176957,117
163532,217
27692,167
29667,108
6974,114
163687,195
78425,29
34838,74
10060,7
3074,9
87340,137
18966,5
24022,43
30289,20
166180,172
70487,24
60245,51
169651,148
52091,51
26220,51
47322,151
21000,33
76432,8
110889,97
52462,20
59791,8
1491,1
13204,10
94986,174
124946,130
70818,40
4271,15
60225,15
52592,103
36986,93
129654,134
2135,1
61186,171
64434,110
32604,10
81839,198
4592,17
120475,91
81295,114
7591,74
32256,59
30728,1
151669,188
7274,1
7710,51
12211,7
107286,15
153993,20
76093,103
80861,107
144331,86
139382,75
48995,72
74727,106
33821,40
2639,13
83928,3
969,1
87187,134
13708,30
18279,91
2755,9
23867,165
15851,3
86524,121
2243,3
82203,121
125961,34
29667,8
3117,7
82851,29
165221,168
20264,29
146989,20
15815,137
87503,138
41421,3
32447,125
9093,77
154501,215
11669,1
53488,148
95599,235
7065,121
113646,121
76630,85
87503,7
84110,8
56091,34
156119,144
87410,116
23755,102
20838,1
59969,8
18510,10
82754,97
166191,74
69295,72
48207,51
8037,6
173686,228
14931,15
25685,33
93835,29
148986,77
16219,104
85308,110
54957,5
128483,23
64939,51
78017,114
26912,81
64005,131
2036,103
18259,7
87340,119
95748,1
49007,29
58828,114
4787,9
29764,85
188,23
65107,91
27053,43
142515,198
30793,1
8800,33
57975,3
100016,7
1894,34
39537,34
17872,28
805,51
46226,74
6821,32
17872,1
10781,3
12492,92
83910,141
76877,7
12492,5
68720,144
51233,3
54805,127
96124,114
39561,33
75136,5
125619,108
5879,15
55450,73
73847,5
73560,237
20265,85
141616,142
57043,5
36898,131
38286,8
24635,15
56064,1
55799,91
20079,7
20346,30
26397,43
70970,167
148282,117
153242,117
66045,121
116229,74
45443,13
21674,137
108647,198
151508,142
64987,28
812,114
6699,20
9607,40
17890,25
144338,90
19662,21
102059,43
1596,109
7295,59
105017,172
29307,5
5318,164
63656,29
165646,86
134132,85
1329,111
112373,24
12519,29
812,30
17890,76
135376,199
2697,51
62904,90
127011,28
137563,40
100413,8
4042,5
9509,110
26910,7
4544,7
58349,18
47410,114
32604,114
19368,177
51372,13
43781,108
147145,15
3408,110
118933,91
159460,144
7971,74
76575,91
50937,114
31885,8
11760,7
106066,189
67853,93
828,13
54382,51
29784,41
76093,13
14064,172
4943,18
43687,102
85824,25
22952,20
5169,15
72762,40
40424,29
11979,25
4797,1
77628,108
172728,7
47175,190
2014,1
7971,32
122276,108
19749,3
139024,103
53242,51
6596,90
4867,3
182188,20
84234,114
84234,15
2697,108
60067,8
47569,77
110127,75
35094,117
328,20
5040,33
23597,151
132155,77
135455,40
67848,121
81662,7
1635,9
82469,20
18107,1
17896,3
5628,1
53854,146
12760,72
92765,137
11733,13
59532,99
12756,109
356,108
73436,134
13708,114
73233,34
82269,77
39124,86
8824,8
5879,25
471,121
20793,6
63831,109
82536,106
167149,15
53201,177
64284,116
22926,25
2785,5
3452,142
4734,9
31933,3
36265,86
246,18
81839,72
849,7
22337,169
38596,75
18122,1
23510,51
22440,20
7219,43
75882,15
75056,51
147578,15
18182,33
12783,3
113150,3
36279,34
157346,117
4271,90
7936,15
53866,114
186309,188
162006,189
123513,188
8037,121
79756,51
23369,15
42222,23
68594,15
7702,9
152760,20
13148,5
66919,24
67808,15
60709,101
94058,13
253,110
72320,15
119564,116
155965,137
45962,106
3408,10
74773,1
3769,90
17462,151
96849,72
124736,1
46807,75
5006,1
727,43
68308,85
161233,130
17896,31
4343,1
176613,130
5258,7
139007,114
74834,90
47378,169
48599,69
12754,140
67778,121
4560,68
3487,114
8800,8
176691,167
56239,235
2451,8
19942,146
47907,108
21020,43
99334,134
102291,20
41188,5
32740,15
104364,92
116129,23
39298,20
15571,97
8037,7
152933,72
77344,7
10421,1
14312,14
46525,29
81213,101
9509,132
131629,86
14064,5
49844,86
16467,141
78236,160
82189,92
40550,15
33821,108
72860,212
21449,88
7874,43
35790,3
87450,110
134721,167
141060,40
87340,151
19150,127
79695,100
8549,25
5333,5
5131,1
13969,169
3090,25
35565,15
11688,15
124034,75
36103,7
29447,138
20897,114
93681,144
138065,237
32604,121
83561,117
110941,176
21185,1
8338,145
29150,15
23867,195
32446,171
77376,15
9415,8
17896,32
3821,76
54697,3
153771,199
82996,199
93049,34
44663,15
2684,3
84057,3
126493,72
3550,25
17896,134
5879,7
13289,5
7673,114
93458,134
91672,92
7972,9
48640,144
154001,121
36345,116
5282,85
49579,114
5005,91
86748,15
45203,114
58750,148
95849,127
2451,32
38344,74
169134,8
79097,40
723,90
14007,51
74052,15
4909,51
27086,171
100466,174
136967,40
36015,108
73560,205
76830,5
52481,34
111622,114
11760,85
70396,7
133512,15
35980,5
6999,7
25769,190
39851,34
27161,1
15902,13
65887,15
9416,1
16820,15
56283,1
4106,7
82877,91
2785,109
3962,14
6165,74
71375,109
10244,7
3328,121
8151,24
114900,110
20774,107
5671,119
27086,7
152760,142
40729,1
6867,15
606,20
19731,103
74646,51
184291,5
1361,1
3359,106
18902,88
94461,111
17680,1
176477,167
122094,7
155997,20
67848,109
134642,146
110891,117
167493,92
48272,34
51911,114
15243,24
9093,103
22100,7
24259,10
52940,110
60298,74
178390,178
71331,100
40729,25
78703,8
47322,177
84244,43
3218,3
8364,10
57043,74
124441,51
20096,51
9607,114
72851,25
39571,103
58349,114
28260,144
5028,190
50301,227
49007,93
21410,5
30246,85
132959,173
79984,85
22242,15
28408,40
20487,34
91585,24
156331,237
8597,20
23956,10
17729,40
20427,15
96876,75
4573,171
58349,188
2114,13
1894,41
147676,13
28349,51
18364,121
10421,34
14725,20
135059,85
7998,15
68208,108
78625,135
70221,51
11513,5
166733,8
116149,40
3482,85
176496,202
95640,24
8330,108
9509,97
154328,86
12941,3
22215,73
145382,1
1516,18
14462,23
10702,20
201,1
14586,34
133795,51
45662,71
185432,77
32446,3
69146,1
124825,75
2636,134
40085,7
51486,180
101269,238
72851,121
69079,123
19339,29
68407,165
80861,171
68407,7
3648,43
5523,12
84110,25
48565,144
3618,43
36604,13
103663,134
53192,188
29740,77
16973,88
587,34
77841,74
47948,51
3350,7
63538,15
18285,20
133286,75
110271,111
124946,148
89289,34
149240,101
21473,28
105017,51
99412,129
60016,20
104003,72
33532,110
48143,134
130646,108
25602,194
9509,8
59886,25
98381,3
145736,5
6649,1
6480,114
7424,40
22680,7
6393,51
91585,144
3408,7
110480,117
86761,172
38308,73
33702,103
30977,134
115644,34
82147,97
16219,20
78433,108
32469,32
85464,24
2697,134
106946,3
39261,97
33245,108
1470,1
79047,20
9344,8
158760,135
99602,144
27010,1
78724,108
45501,51
27226,15
14966,7
176765,238
91583,15
29832,15
11036,1
175082,75
12503,123
82361,1
5554,151
14931,227
11462,21
10223,14
28613,85
13290,102
60492,121
3871,9
30518,138
37867,56
114955,108
120,129
42378,77
43899,109
80508,114
87008,100
2527,1
60356,213
67759,101
26759,10
4668,15
35471,20
3191,1
8495,43
39784,43
50137,74
70575,51
35617,13
47776,15
37663,100
53335,8
149174,130
50567,235
120215,190
7992,177
1279,85
47840,77
69266,177
115644,117
4807,7
186176,72
91567,73
82266,34
3834,7
133015,127
5328,165
76949,74
1341,51
47860,103
142779,119
53294,91
10941,114
38696,1
90420,116
57149,148
143778,15
8141,114
34958,43
82173,212
155774,146
19621,116
72920,43
44155,85
39851,10
20959,7
84740,13
28041,5
12578,33
3416,7
3811,15
50782,144
513,1
73615,32
67759,72
147965,13
60667,177
138344,3
26966,31
88358,204
7508,72
63599,74
12519,7
59592,137
154803,25
5373,25
77629,108
168287,15
9416,3
39717,97
4271,114
3769,30
59985,20
23597,15
47938,29
12943,15
73862,20
103337,220
38733,51
149281,190
14733,3
159849,228
78204,23
41462,1
94408,5
145969,188
79120,103
15415,24
69328,134
147994,13
1631,51
165812,72
285,20
3193,110
7754,15
17357,85
160738,40
38630,7
45854,142
148000,13
167889,28
171761,227
129021,129
36278,7
6626,18
9285,51
1737,18
21118,1
16964,130
1804,190
74626,13
111611,40
137834,77
23956,110
64336,40
65318,127
69266,20
20427,114
59511,109
41766,3
66797,51
2908,23
4943,1
12771,101
24470,32
103508,20
9756,188
19368,90
1361,134
7508,19
7009,3
170727,189
117051,72
3452,7
157748,135
849,127
46367,110
40237,7
111007,103
39551,34
63269,91
40175,8
4200,102
128235,13
19700,171
107465,142
142700,86
16977,25
99602,121
40536,7
12234,3
13386,5
50940,7
104861,160
2762,14
153749,77
63538,138
526,1
31098,51
13829,1
20315,5
4983,19
7176,85
27805,114
176944,143
104635,101
368,34
548,18
134171,43
2173,76
63405,8
95974,110
122573,1
17841,90
76793,29
182014,108
60803,72
27053,110
23151,15
165233,28
69345,90
6480,137
9645,88
27200,180
597,15
19350,68
51457,5
90285,1
83332,97
4697,77
174486,235
13113,5
526,34
723,100
13312,25
13715,43
63034,34
110271,34
2908,71
40559,195
43168,85
39536,50
104941,34
144177,75
39717,110
37358,7
60883,142
48640,43
4919,114
42444,74
63754,109
36721,114
90969,1
31972,87
43619,161
57834,51
119415,25
27215,114
13204,5
136998,144
13319,94
85553,8
31915,134
61285,72
160276,142
8293,72
74054,133
34512,13
13473,101
78900,51
12492,43
27168,32
5233,114
18692,110
4603,172
119143,117
25421,34
63609,1
7673,99
131269,151
62349,51
30500,10
143745,204
50887,20
57646,25
62139,172
124118,23
77861,101
168411,114
43682,110
55332,188
63125,94
27755,7
36205,1
12754,91
38659,177
12858,159
42710,20
126568,166
80198,25
111016,130
26880,129
134576,85
96032,108
77506,114
723,81
38256,1
57522,15
36279,51
56196,114
30077,75
81883,34
57566,100
72157,86
20394,5
80861,114
138344,188
147156,194
52569,40
82445,103
87187,108
612,80
80985,127
34037,40
31409,20
19105,7
2676,25
3590,51
21235,32
67759,85
34435,15
3350,9
16823,43
25124,1
82851,145
27349,10
154218,145
21097,43
78339,85
19472,74
51878,15
72391,15
93076,109
149278,188
23940,134
26880,7
10560,34
42449,72
10597,99
49579,8
117906,117
51528,110
38256,34
175882,77
88358,146
626,1
3117,151
31578,110
41049,112
52939,114
67759,165
136767,101
74834,169
184082,40
21623,72
56155,108
91189,24
20470,34
7067,18
16558,1
80502,23
3529,85
87924,116
139710,116
86709,143
64672,110
21183,5
7162,8
40198,212
17378,90
60786,112
18906,108
4521,3
20604,28
70818,173
58360,8
72044,227
71629,51
92774,40
86036,116
90285,13
54672,164
4521,85
101269,108
1395,74
57971,13
9645,93
23670,145
69053,24
3590,43
75228,29
18259,25
78339,77
166219,7
100724,100
170019,116
125457,40
6699,69
157616,29
134680,77
13148,7
113773,188
97216,8
12584,3
24068,7
17225,15
149982,29
57464,138
969,72
127964,7
9756,32
63098,92
13319,13
67043,97
60707,34
14960,34
167260,28
165178,108
15415,20
81655,114
14064,73
4289,34
7530,43
4857,18
66418,20
50992,91
6165,14
147578,8
142700,146
43682,194
6235,72
14476,97
173172,24
56155,7
94424,72
3647,43
36015,174
32256,164
7067,72
90955,177
40283,7
15761,33
529,114
159230,139
154017,15
106966,177
2011,108
95049,97
82051,110
79695,158
38995,86
10082,34
70970,28
45997,109
12204,14
74834,85
36898,101
13312,7
57043,121
126961,23
57111,86
11742,15
147631,97
169004,107
46367,20
25481,72
39428,50
49746,32
23918,7
24022,25
71870,144
179881,86
72370,142
109563,51
19460,29
39494,50
50282,108
25029,178
18181,108
18694,108
57161,91
120862,191
48106,51
83013,1
91259,5
155120,51
8182,7
13577,101
39329,34
112398,194
2819,1
64284,178
28349,121
67749,114
15818,34
11215,121
48422,7
1717,108
154408,34
17777,15
116916,212
83,86
15823,8
84675,180
4521,144
97273,5
137834,119
109787,121
125992,167
2955,121
126476,190
10684,1
307,108
2114,189
43682,87
80236,20
41796,72
27349,77
84046,15
17853,75
105017,86
9432,10
3191,19
101189,149
7005,3
66194,114
2114,32
48586,43
40812,51
36840,85
111127,228
4539,14
2326,34
60512,77
112373,134
67078,104
73856,195
131054,130
57917,111
167844,15
130724,212
39349,129
144557,142
74773,171
47175,103
5677,7
118788,114
67379,20
47346,29
6169,51
47948,3
18985,5
62721,110
93110,75
64389,112
120475,114
127742,40
3452,33
8364,30
55909,1
42334,125
132505,7
5005,14
16962,7
12211,116
22072,40
84456,127
3811,25
9225,9
14239,74
31634,78
7812,108
9607,15
25533,91
21674,165
176613,8
105958,85
1837,99
67012,195
97065,100
143242,217
44374,198
60067,106
59613,51
3618,1
7067,116
12873,15
23847,73
26900,5
471,7
101467,15
52196,1
134211,7
16068,6
24066,116
75491,7
20096,32
50454,15
17574,15
22768,85
46732,5
93147,110
13312,40
173894,40
65126,97
11733,1
41623,72
374,1
2888,56
175568,85
17767,164
86709,129
2725,25
33059,34
38867,15
103792,8
93764,142
13473,15
50782,108
82848,116
15815,15
55824,91
149934,25
131889,101
35405,85
10182,88
99549,114
41004,76
166575,108
57944,40
20972,1
133286,86
126467,173
100102,91
17896,138
7295,121
72429,20
76093,94
15751,97
26880,195
9364,134
11663,43
11215,86
17382,134
101482,134
136999,188
4258,1
169490,235
69499,104
3590,15
163978,8
153991,130
6456,25
104992,108
65469,106
32365,92
18034,77
7530,5
8049,7
36103,40
135674,24
16399,8
6551,97
56283,3
19162,5
4927,34
21623,3
183290,7
12611,51
106066,40
29740,29
105958,134
3452,102
72631,43
29365,227
7567,5
5611,86
8058,8
57769,114
72848,121
150240,217
4807,108
26900,73
7918,167
5040,18
14212,173
24851,32
152760,195
11215,32
67759,148
48999,108
42966,167
19202,3
160801,188
8604,97
3550,15
130724,13
111613,171
18569,22
52122,202
15146,165
92280,110
16068,1
83177,101
9723,10
167762,145
32188,7
67012,237
104635,130
4300,10
16590,34
1631,88
76365,29
96140,108
13708,121
72503,8
307,1
95868,20
92800,77
81793,72
75264,32
29340,74
63034,93
26880,108
82147,20
70970,110
87907,110
8606,102
123515,51
2524,9
23670,1
20133,1
52095,40
115938,137
137754,101
141060,169
45009,177
153429,7
14344,23
131122,101
12578,207
19691,32
157286,74
8165,43
65976,13
41944,133
5333,188
13473,114
71531,34
27349,71
18861,134
96709,23
68627,165
64948,119
56763,87
28200,172
28016,1
25239,1
7710,32
32342,32
11026,10
11980,134
77928,1
13969,108
8015,15
124099,114
126467,13
13216,5
39073,129
78724,114
79663,129
134501,171
147018,86
81793,7
3177,33
99540,108
51052,1
60356,7
16219,25
62293,29
59358,110
17853,198
37443,7
19853,74
25545,15
22096,7
183452,40
24613,108
31933,108
73856,40
68627,7
89912,74
28647,221
114098,15
135059,15
2949,86
188,81
105152,134
22608,25
61875,51
53201,111
5889,72
49955,188
4559,141
111127,3
18902,134
19594,22
27683,74
82442,195
800,7
76736,135
969,114
30977,32
7147,20
23597,75
309,178
54805,85
18692,107
49844,32
92109,108
25769,33
2509,8
19368,76
54275,5
81138,109
90955,75
84549,8
5628,74
7586,7
7340,1
42222,74
67741,77
46287,25
53992,8
45203,7
51807,43
57149,221
26978,167
12707,167
34979,34
52851,121
57201,3
121541,134
76265,29
41623,130
52182,23
94390,108
4460,1
17788,5
92705,8
1478,177
29740,20
48552,7
6132,1
3399,15
26776,7
111544,77
18327,171
62904,56
90285,127
34910,1
83192,74
35323,109
39561,129
120395,109
10730,25
66014,115
35536,15
5919,108
61276,111
16388,7
19285,5
4843,7
19668,7
102763,5
28006,20
82361,23
101826,24
23038,3
101766,43
20691,8
9364,75
9491,109
74834,114
60245,92
9799,23
159833,8
49135,1
77547,7
145421,23
5807,7
5992,23
53160,114
57975,109
77412,111
60067,111
33946,80
48430,77
51059,29
16558,85
45962,114
58508,97
107375,8
106966,188
1596,34
13794,91
581,51
11126,14
164559,173
142515,15
133259,131
61345,90
161586,188
13554,34
24093,94
39198,50
72370,25
2785,9
63986,40
11760,33
50454,23
4334,13
122094,137
72157,32
38028,127
3399,158
58427,15
59447,15
133077,40
101270,85
62014,111
70606,32
23503,10
65706,108
78152,114
12525,71
8037,43
5355,24
14462,167
73213,29
118763,158
52022,103
25674,117
19805,171
45662,72
6393,1
9858,10
18181,13
94089,24
33946,33
133352,51
82750,28
185314,85
7069,75
45729,25
6551,1
175568,198
27029,114
904,23
39737,51
149948,108
168309,15
68364,28
114104,146
17896,33
163348,23
7590,29
7809,33
45843,15
81839,143
150541,195
72920,20
9398,9
57901,189
67052,127
22926,144
49663,3
5749,8
3192,134
86189,75
82492,138
3487,94
6393,174
120707,145
5879,99
6177,3
20804,74
170757,8
137124,7
135376,143
21461,88
597,92
28855,116
5187,16
4012,114
156794,130
10067,33
5557,75
7219,25
111584,1
39318,50
35795,177
154171,194
16219,15
66279,8
6999,74
7069,15
117243,1
51807,171
332,91
48106,34
14938,32
1279,18
47776,7
67000,29
35244,110
84132,121
14476,23
108269,7
4517,77
92431,110
38596,7
133698,77
24613,43
62915,74
3479,13
1393,1
24500,1
3590,9
24144,20
3995,109
16820,25
1631,18
188,150
83910,20
34776,25
8170,22
58725,51
67007,109
18906,3
17602,7
47082,3
22096,114
13794,104
32256,227
60786,92
33943,114
58021,121
152987,86
109672,29
66392,97
307,15
12415,165
81793,114
77861,137
144288,20
96124,99
4200,85
96144,138
13048,114
53073,134
138964,114
5087,34
4780,1
11063,6
9466,134
113951,25
85094,15
18259,20
81005,91
146372,5
49029,34
120475,106
20219,23
8582,8
2465,1
2725,3
2114,20
15213,43
68953,20
55981,142
61285,23
4361,9
15751,43
10702,13
11215,109
111392,151
1759,10
4573,33
71532,51
83,114
125648,134
108396,184
34304,34
26121,91
2738,3
132265,110
14064,90
1456,17
50792,77
107493,85
4807,129
68627,15
55824,29
35738,127
13683,24
57857,20
64163,91
26121,112
154149,130
50283,7
61960,40
63800,29
84057,23
31395,34
182940,34
52939,144
58766,86
133490,130
159849,23
5169,7
96849,121
149235,198
19418,7
77861,94
22096,137
156395,101
77928,92
39947,50
40194,72
89393,110
13708,1
134652,1
628,1
60615,90
6155,14
19368,85
3399,134
145537,167
15751,138
60492,180
35543,34
119938,85
7073,10
97782,77
145468,5
7702,173
1631,171
13969,144
26900,41
2290,92
68463,74
47259,20
43682,73
4805,129
97727,117
60935,97
770,92
5050,16
37204,74
51372,110
43769,51
5677,137
2540,3
1537,121
35145,7
20438,3
13708,31
19942,172
6022,3
23361,15
18569,3
41521,7
3359,92
11546,3
89251,20
28526,7
99602,158
21020,134
15650,19
10827,1
96876,7
68318,7
6177,14
6480,15
12935,40
36265,5
1635,14
2290,134
88128,121
78634,29
103184,85
95868,146
3408,116
9799,1
38344,7
126076,129
1158,32
23755,137
8199,108
147703,13
15902,177
73560,85
149238,8
57744,73
14064,108
4780,10
73243,23
39918,127
72373,108
45181,7
50608,142
18694,110
174350,3
6132,15
47595,85
50608,20
6414,77
67969,1
80997,191
555,9
253,5
44374,93
63077,5
4521,10
167218,1
3966,7
7874,29
51443,74
78625,90
32852,58
25769,74
24635,8
104829,109
1918,9
5270,20
150320,188
105161,85
30884,207
5028,34
22984,7
35140,24
14064,72
101666,91
137429,23
58349,99
31614,13
72257,1
12492,59
122443,28
30728,138
1736,171
134044,5
70474,7
112268,3
36125,194
23506,165
3127,15
6974,7
6559,9
67043,110
23959,170
73301,32
90285,164
60225,101
1631,164
3428,121
154367,91
148578,148
4860,145
13871,23
84770,20
150430,172
36212,15
5685,5
137520,20
4573,32
56297,20
22215,15
155120,134
73085,24
43129,108
12754,15
51030,108
18694,43
60986,86
56588,34
64243,174
8633,8
14064,20
3479,9
20793,75
52899,7
3313,32
64627,1
12858,7
75000,43
2527,7
3091,3
6117,9
613,14
412,1
109639,75
396,14
1631,20
77861,114
2819,43
66794,5
14227,14
849,85
102496,145
22260,33
11137,23
57566,23
91970,109
29135,92
101072,91
7591,134
15497,114
11215,133
95605,32
89289,24
47167,25
117193,114
6596,7
32740,7
137172,188
32186,32
109848,101
19684,3
137963,188
18966,10
9303,114
146805,8
44081,110
8502,34
10579,25
45728,15
11130,33
31933,33
17896,114
101467,212
68208,101
184559,194
82996,145
680,1
4352,7
29919,101
14733,14
26838,7
38596,15
152987,1
2546,9
7591,171
77376,151
37610,10
56722,7
42222,13
44374,72
44927,33
680,34
169490,117
92428,121
77956,238
581,18
11063,15
47246,25
165600,1
135851,217
70724,1
66678,195
6169,14
12413,103
12234,7
26370,15
7673,129
37639,106
110263,15
11622,20
8830,114
17890,43
62729,75
75955,109
11716,1
40812,97
69053,107
20722,171
5408,24
10941,34
58349,149
23755,74
78553,40
17114,34
28086,23
38884,7
109412,5
3662,7
4573,24
7760,5
31614,111
83570,132
135851,116
78181,174
4860,12
31058,144
73947,125
29141,1
164672,172
114595,114
120988,142
20793,169
79695,134
21682,34
21185,103
15650,15
4182,15
6551,5
10611,33
85379,108
5879,212
45853,195
1730,1
9482,108
69053,103
25533,92
23999,3
5219,108
7591,23
72157,109
1532,142
147770,13
59447,137
20972,177
19721,1
5323,3
1702,1
86854,34
93458,1
14812,1
72915,188
158048,172
29071,58
135787,121
83956,108
29690,43
60906,121
79120,74
39261,99
3514,9
45482,102
62139,25
22589,34
184667,1
44228,205
35606,34
23665,15
4659,87
82888,8
11026,20
59738,130
102059,40
52462,5
140536,110
89058,92
182073,72
36285,40
123606,178
156676,198
93076,125
36024,3
66069,1
2785,56
24122,8
98636,72
12611,7
84385,15
112268,51
107248,97
30693,1
50301,212
70044,15
94986,134
9737,10
118732,73
6867,24
124257,51
28132,74
2426,18
73085,144
61584,7
20591,32
32200,117
106997,97
120895,202
101269,117
52182,72
63986,85
18945,51
87450,101
33374,99
23472,15
124257,28
78494,145
27003,51
126076,15
83253,73
81244,108
24007,85
674,3
168009,198
101751,127
36255,3
54522,20
32406,34
46524,29
26966,10
136634,101
172108,144
4203,107
42221,33
7918,130
54179,103
4427,97
6308,103
60707,108
78306,174
1491,114
7067,34
6756,142
51534,103
71331,121
39124,32
15376,1
57829,77
4810,23
168583,129
828,24
110233,188
3359,22
12211,3
25925,28
1690,40
65706,15
67853,8
55848,8
175526,235
14357,72
118076,51
4476,9
5879,40
38028,40
19729,34
168013,142
64336,121
124441,188
6480,169
4271,207
2426,34
87131,1
113693,103
7918,13
27053,114
19429,7
34380,5
4957,1
104838,8
37805,8
32256,173
120192,144
20710,97
24557,91
66778,15
17799,74
7992,103
332,10
8364,34
75934,111
24544,7
65588,7
27797,3
94798,110
170092,167
52398,3
29740,64
96144,77
24066,20
20661,7
41252,51
43682,220
10060,10
136321,77
67812,101
55332,85
152845,28
1356,108
84046,101
5807,34
12292,90
134912,1
26412,1
20774,114
148130,13
22337,8
12085,3
7682,3
81474,15
97782,5
18694,40
16973,33
5628,134
69836,110
21411,107
63609,34
67848,204
64146,92
83495,15
111544,188
3482,13
173844,86
74465,8
64111,101
6400,40
47907,114
137124,103
61669,34
87580,51
33659,34
56784,1
58750,131
186835,238
2639,235
13708,198
22072,29
41766,33
14312,109
78085,32
94669,29
36292,73
812,110
4697,121
30292,1
4807,1
179969,235
42334,73
29316,7
95049,114
72860,142
59162,129
18861,88
71425,23
14208,73
26838,20
116149,34
29981,142
35830,106
14064,15
138511,172
57901,8
14064,18
92829,75
81947,114
20079,165
7972,3
23899,10
28665,20
6393,108
74738,40
92011,34
134836,15
9565,92
84057,72
72631,121
148358,114
8253,202
65976,144
7591,108
31614,29
54697,15
21315,10
1530,8
37257,7
131210,194
78343,3
17382,1
4805,1
27584,114
110680,143
141086,85
40729,23
7673,111
24557,51
19418,159
49724,92
73560,7
41004,20
65318,188
15902,127
246,34
41956,77
36604,3
81044,1
15868,8
162779,188
7305,51
10602,13
2918,74
133591,144
49667,40
60657,114
157286,194
15780,24
34711,71
126467,204
19911,34
27003,5
5340,10
128483,7
8684,40
27783,108
53073,34
1565,34
69266,24
65232,129
67052,116
73265,1
1854,202
159684,108
11801,25
14426,23
87097,85
8724,9
3105,3
1338,20
11072,40
84102,189
7073,108
3502,7
93625,144
10700,20
17680,15
8048,51
66560,91
6169,121
43293,72
72860,200
155120,188
59324,97
124941,51
84677,190
47715,115
23449,15
4807,121
8240,142
4501,9
38483,77
9456,74
28516,7
57325,5
173161,43
26867,133
39445,108
177208,144
613,51
40445,1
38630,138
178702,234
79237,8
15780,43
7882,20
9466,8
13871,27
26356,7
161507,28
78181,24
96140,74
3219,74
89124,170
47840,173
82278,24
36898,78
68407,85
67012,215
61572,178
24068,75
29832,101
36205,40
35961,101
9858,117
130339,190
136321,119
44843,74
37843,7
150231,207
84363,15
115893,72
141148,172
176357,110
555,1
69212,25
6480,127
180631,73
4271,75
9456,108
18364,24
67759,103
152467,167
140666,204
22507,8
31274,7
36345,34
34838,86
78204,174
17985,29
75179,189
12935,121
170262,1
78219,24
4592,33
616,7
26722,43
154001,86
43129,29
5604,1
57769,129
3821,15
36986,78
52048,34
87340,103
16090,15
45160,15
45599,1
35094,188
23755,121
41750,75
53558,145
21000,64
36898,59
41049,1
186569,72
109424,137
8824,200
8822,10
94950,109
20710,40
174887,117
36125,103
13501,33
149326,199
368,1
15815,188
11293,114
171346,73
25196,3
43799,104
77715,108
163869,178
6349,40
8049,40
6699,43
49579,40
40426,127
165729,43
63080,1
3192,10
4603,109
13470,14
88846,188
33821,207
2290,8
156361,85
161641,110
171271,202
43129,43
40536,43
180510,144
135059,7
42226,72
11215,172
135558,121
93644,99
80956,91
6288,7
59592,138
31226,34
3191,14
31682,51
155131,165
94236,72
133771,130
62279,102
103407,15
12611,77
1394,1
92109,8
9456,99
111127,91
4659,8
26397,74
20438,73
18315,34
29071,31
153396,137
159673,148
8604,102
168466,188
102242,91
39445,1
6169,15
126076,34
96394,198
60067,178
15198,25
63941,137
13048,74
1954,77
18224,3
137210,191
954,51
6481,18
91998,144
18059,7
52280,24
48999,13
18709,114
118955,86
45428,85
63176,1
31107,34
36103,13
4668,51
14064,146
44081,200
2860,15
61803,20
101964,15
14966,43
4,1
81244,134
40729,71
52569,108
40574,114
40445,92
31915,74
3487,7
12529,7
134836,202
102231,23
15307,15
82239,15
19409,72
21160,20
13577,121
34914,10
69418,15
3228,109
7673,7
108650,3
12962,15
582,13
87503,151
30013,43
76958,114
179589,8
1631,85
44640,92
124257,97
75354,108
6370,1
171167,8
104431,198
173561,29
5355,14
124311,75
119202,73
5950,7
4181,15
31026,28
18861,129
5087,1
24616,3
19592,43
130093,1
187554,188
63923,108
22246,13
83388,7
13708,5
90983,134
37947,7
66535,116
1690,1
67969,86
36820,3
30185,15
81145,97
59447,90
15052,15
48299,71
160218,114
513,189
1491,110
19587,32
17896,100
56626,20
22246,43
154452,164
102763,1
111400,24
70128,103
120014,75
70396,127
55469,107
139316,121
86854,51
169605,167
22168,189
15146,15
132870,167
25566,3
60460,8
181664,188
77755,72
5745,14
75136,25
7673,3
30278,75
113972,25
13641,51
27349,15
172338,188
14186,100
2243,43
141148,146
93587,7
84234,7
19286,137
57548,51
118788,73
31972,10
20804,33
46014,146
74683,5
2785,101
38143,23
60312,212
54199,34
11566,20
153765,188
144331,121
1631,147
1329,1
23506,7
120803,75
6867,1
13113,7
18692,151
19627,3
121956,108
51837,114
49579,75
72306,15
57272,109
175140,130
44450,80
69260,34
117282,125
7882,40
3414,7
23556,15
91970,32
2290,20
54697,131
124311,5
38442,20
4517,13
969,13
19721,110
101779,142
3399,171
50263,8
78,100
2684,72
3806,90
1361,18
165987,8
78658,117
566,18
30500,85
9973,20
68407,137
529,177
47389,8
5919,14
32256,77
70724,34
29340,109
71288,125
11980,92
58349,138
127353,189
8468,34
79105,34
144557,117
50729,72
20722,77
85754,92
24093,10
106903,7
13543,51
36721,15
4537,9
20793,23
960,18
4807,13
2541,14
5328,15
12154,51
11154,19
24851,1
3648,34
84675,1
3399,111
2697,125
26890,85
120475,108
38616,7
131313,130
63708,74
723,188
110263,127
127387,1
136101,15
84838,121
101733,15
108360,23
14337,92
8495,108
5745,121
23976,8
99505,146
25924,25
145965,97
139597,159
109770,121
24066,92
110263,73
55432,134
19218,74
3647,169
111392,165
25481,1
71870,134
150241,217
1596,7
99378,8
64948,106
1697,1
3090,34
2932,7
24456,43
124257,85
21185,92
133371,190
36679,134
8884,40
162252,28
4857,1
172465,77
11215,188
84989,24
113951,134
35379,1
56784,7
8830,20
13195,8
1338,76
3769,15
70161,86
131269,131
3769,7
72496,121
53558,7
119970,75
20222,33
11072,101
44136,28
15198,14
12272,90
144345,92
45994,90
66601,93
11130,3
74773,34
121112,8
58828,25
98946,15
94089,7
83388,127
7634,15
14239,51
50937,109
167716,8
103783,189
181306,75
169490,110
72943,51
7590,109
14631,23
168459,77
13708,77
17896,101
41490,34
40849,5
22207,33
84046,198
47912,7
7065,51
40387,7
82229,23
110960,129
144710,92
144805,134
10846,5
183439,29
27683,33
6551,7
87715,117
57975,121
3590,6
179239,144
92692,121
30771,110
27199,43
62156,1
47595,74
19418,86
155131,137
41490,72
2763,32
79526,13
7992,90
1578,29
5005,21
149278,134
2667,32
32604,110
91583,7
86709,8
43026,142
20982,28
79933,92
35654,108
36443,15
181452,75
5050,1
116096,194
8819,110
110263,7
18902,90
84643,86
176297,51
5133,18
31063,32
62344,51
124004,110
20789,20
70648,15
141777,205
106660,72
18969,184
67704,34
101741,23
89121,161
130646,90
145537,23
17602,40
35617,103
98908,25
29276,5
99749,117
120839,129
23142,138
133015,7
52288,121
18315,1
160843,108
80870,114
183669,110
13708,24
1083,34
29485,188
60657,1
7992,165
9509,130
111584,171
157111,34
72233,7
6393,202
3806,23
32647,114
8037,76
33949,51
44347,116
13501,32
2785,115
11814,24
111613,74
5893,15
4988,34
32992,114
89393,7
7339,85
9799,34
85989,75
94986,127
48449,170
122024,92
166869,178
49579,137
138936,144
64175,15
72848,170
16590,114
72370,145
29740,51
2697,3
154888,28
4427,7
22589,3
6596,15
3408,33
144285,110
3529,165
104612,108
164093,101
65976,108
74834,7
61584,181
19368,99
4296,1
148724,101
155131,74
659,1
8549,3
17841,108
41944,114
86348,29
27783,110
86415,86
23142,90
124825,159
15984,32
69927,72
153751,146
47595,224
168802,15
33821,134
101208,143
29667,25
7710,5
95600,114
94583,3
85111,228
18182,86
56722,165
4296,10
47840,135
10560,111
8235,7
60067,73
3529,127
46807,177
87065,8
170395,15
71599,51
48995,23
42275,72
38659,85
2888,15
42414,15
57360,15
75788,204
7219,20
88135,1
50263,77
127473,121
27326,116
121140,1
1894,92
13216,7
8165,51
27053,189
62014,1
5704,10
13897,15
6610,51
149599,43
153683,148
63860,5
20381,139
626,91
13708,100
6538,15
32604,5
93155,34
76197,108
27141,7
83,1
82888,114
120862,148
180725,51
122766,1
48711,40
66144,24
81298,114
12816,5
3091,171
20774,90
46532,72
180151,74
110156,51
46727,25
124749,178
58827,29
12415,43
129097,246
13708,43
21084,28
22589,24
4838,1
19164,5
13195,20
4950,18
77906,108
5694,78
38733,43
2557,23
18569,116
37663,72
17462,25
20042,28
30057,13
87754,217
147898,15
139257,7
8086,15
2819,94
70339,117
67698,25
161586,3
56155,3
5671,85
174956,144
18500,32
128637,85
12825,43
101467,188
8729,8
55598,34
61561,90
47045,7
73436,117
27277,202
165729,51
92765,85
12754,33
40027,20
101840,15
27349,108
60474,34
123232,40
3408,23
4460,20
72228,202
356,129
90285,15
17073,134
43811,15
152092,129
23995,108
97901,238
40426,25
120862,108
15146,75
18861,121
28316,5
36352,1
8604,8
616,1
11612,5
68435,24
131054,15
31963,164
47960,40
8501,99
13302,3
1866,121
3219,3
80861,127
24144,43
148749,97
9430,7
63941,110
33532,137
32365,33
102938,3
16823,134
72915,7
896,91
5040,137
127497,172
60067,100
58827,51
23530,15
22680,15
98908,3
120475,169
124257,127
14064,31
13545,1
23847,33
39217,202
45482,40
43811,81
4975,1
8549,9
32533,117
186582,238
97065,74
8495,8
11286,25
12519,58
50713,1
7673,43
33492,115
180001,43
13708,188
14790,25
156871,7
68459,15
1361,114
139238,29
2819,14
122094,75
90285,114
5165,8
63541,29
4807,34
27349,141
65976,7
31614,77
128637,51
164131,221
12359,85
158760,205
4516,9
181530,40
27783,7
152536,34
137210,23
36285,15
3479,189
134836,77
82269,142
55635,92
3359,141
128637,114
91970,194
18181,76
52592,108
12858,137
4343,34
3912,7
18181,189
23752,40
126795,129
15322,131
53242,103
65520,75
167407,189
62904,101
13708,119
94952,195
5807,51
23660,8
93915,108
36279,117
3867,20
17896,5
53365,101
46287,7
4919,51
78219,29
28132,73
4683,9
2036,1
18107,15
126110,7
86415,103
79984,15
67546,5
3972,85
28200,121
17896,56
70326,134
90955,15
26135,33
41048,29
27396,41
27683,3
11604,137
151204,130
83699,29
129097,196
21384,33
60971,92
9364,86
147967,13
129145,121
47569,51
6288,108
153064,172
27086,85
8199,134
81044,51
50729,100
17729,86
136101,149
139597,90
60253,91
21674,104
26527,13
26550,15
129097,195
48777,34
48143,51
12250,7
116972,114
165980,129
83258,173
1667,74
340,92
6393,106
148730,8
144661,5
13451,137
12592,77
33821,110
100026,24
52414,74
27488,20
3359,74
2680,25
44843,109
13026,24
126312,114
5200,34
35494,34
155120,3
140704,90
41944,85
50235,69
87450,25
81720,171
1361,106
9308,15
169855,51
140635,108
72848,73
2819,40
49007,51
140253,131
31498,129
2243,103
8656,97
23244,85
133487,189
35985,33
82996,56
94390,1
7230,3
3871,15
53301,8
32446,74
56487,137
123955,148
3966,23
57149,86
41944,151
8037,92
7424,108
39353,50
15243,14
37711,138
109798,85
35689,51
14337,40
74924,15
157748,77
20740,85
72823,3
74867,13
8737,40
101316,173
69266,137
4560,7
161642,114
19703,14
2888,43
41776,77
102725,130
82269,101
11760,15
43245,5
48263,100
175082,15
85678,40
40490,7
12754,178
30558,138
33378,43
13236,108
97065,109
7882,158
102338,1
25378,127
25378,33
5040,114
77203,114
90945,108
33657,1
28260,15
19368,165
13969,20
6610,25
125524,108
21411,137
56404,51
9430,30
50028,202
81244,34
186124,196
62181,97
53201,34
71593,109
1894,1
7673,151
36596,72
23670,189
9624,1
56300,92
161642,108
127497,86
106997,114
5165,7
184897,20
76667,29
30728,191
4573,1
128637,137
58466,90
139944,92
64939,194
59627,25
135156,108
122276,141
33269,114
96144,204
37711,184
94986,143
54581,71
121112,25
154341,228
31813,20
5040,51
82554,25
176650,20
19942,51
21532,15
23646,10
69328,93
39551,1
148578,195
2667,3
34389,91
1837,7
180389,34
44155,13
81971,7
74828,93
8369,59
70124,15
3127,14
38256,111
7591,72
133215,15
5884,12
23020,15
340,1
26867,110
64186,116
126217,28
12492,109
18254,33
12578,7
96124,108
626,134
69324,15
36117,15
39561,34
84564,86
14955,15
12790,34
6551,43
13708,108
177175,130
70414,75
5697,15
45127,85
2860,194
34711,92
2114,110
41490,81
3414,9
19627,25
92765,188
9711,1
183736,72
41944,43
12154,25
4200,3
179949,130
20721,133
3408,28
98221,153
163418,108
20300,15
42834,1
6059,15
45203,15
124224,34
125970,108
66797,114
186332,72
111239,32
28349,5
7305,9
8468,90
7992,99
45843,90
71208,15
1737,1
53918,7
45482,20
64322,103
124760,110
162499,91
101024,34
176027,106
65813,5
104627,117
25488,10
106973,3
30481,34
97782,101
136961,188
71545,32
50181,100
29369,28
8549,20
55090,145
32010,7
4573,5
12154,20
94519,72
81047,134
36171,77
82910,111
17767,5
150864,72
170484,7
56091,171
74076,97
23702,7
24066,10
78748,92
80906,85
24720,3
135405,29
1607,1
13451,7
65520,129
12611,85
36891,5
94473,72
8235,43
47569,108
39793,3
13708,238
19805,73
129021,91
18195,7
6596,85
70970,198
75788,129
82269,173
146420,169
136266,15
26803,195
87610,8
110263,23
76971,20
5282,14
37455,13
100851,138
38596,165
42549,33
11293,107
159849,130
74097,74
8950,18
163418,136
36898,80
613,92
1356,92
167527,72
8582,40
582,1
6400,34
48640,24
136767,77
42378,204
12941,15
65318,7
33821,238
98381,109
51184,194
23597,85
18501,7
132258,167
50785,15
53073,1
7530,51
121400,134
128229,74
34542,5
131735,144
54179,15
11980,51
34958,188
13679,7
150231,97
57411,86
72637,86
61213,116
38884,171
126886,73
39551,92
126199,15
22589,74
50871,15
186419,171
30013,151
1393,15
73538,8
110156,8
12525,43
97353,15
7874,40
118814,91
37809,99
10771,10
148986,8
93040,144
19662,91
160598,110
3532,108
101467,7
65796,3
89393,117
56300,34
153654,144
4300,1
17114,1
112538,121
13501,74
9364,91
112932,51
72848,109
77547,114
14186,148
98538,142
51414,91
48586,20
61636,8
48777,1
723,1
364,108
9645,238
52592,15
1565,191
143563,252
2512,1
69146,191
5219,34
26527,7
14064,127
76794,114
1774,117
125726,141
25246,33
65318,15
42222,106
149198,227
33194,109
5879,188
8638,8
18353,25
123178,148
21089,202
81462,51
127473,43
54578,72
73560,145
170274,198
39713,3
44843,29
147788,13
50283,227
17767,40
80844,40
45171,51
117051,23
15322,85
77983,8
44118,15
46807,15
59862,137
13470,19
97782,100
12578,85
51372,117
94461,34
132900,188
111503,131
57043,43
13442,23
39928,10
3039,20
47981,20
15066,15
30660,3
33374,34
56432,8
151088,134
186420,77
19286,7
13148,1
92127,103
7295,15
66964,85
86228,121
124441,23
4523,9
119592,142
45378,111
6480,27
52481,1
5040,23
597,40
90086,117
62834,24
114093,188
18569,108
35405,101
88748,7
101826,23
122240,101
14064,87
131104,145
121541,34
44843,129
101499,5
11040,15
37257,1
105017,204
43081,72
175729,86
1210,1
147552,134
47671,29
22071,1
5050,34
32647,1
16090,7
23223,90
91287,29
40435,7
2960,146
44000,7
5386,43
41766,109
37377,15
126090,167
15761,32
87976,129
127972,23
67465,102
161278,108
138128,97
45843,75
116229,194
2451,18
169381,7
99082,100
181194,86
1670,1
113693,90
181919,86
124877,5
23186,114
12492,191
150223,195
14418,22
69764,129
2541,32
21674,188
44843,92
66758,101
20159,129
40426,121
7936,8
88748,40
94191,92
118814,100
92011,191
31972,29
39793,77
4271,43
8525,142
43682,109
76001,40
2011,14
11063,90
65706,99
16363,25
87503,137
4200,20
120684,3
23142,103
22768,15
139597,15
15815,76
43261,114
5368,81
70474,165
9456,3
3477,7
3359,43
15213,3
23702,165
130618,137
81753,138
32365,111
65976,15
4857,51
17671,15
15815,90
52300,74
84989,43
72860,109
37711,75
128395,171
176523,72
66782,77
40085,15
64663,1
153685,130
147934,13
76093,92
33702,15
92127,129
2667,40
26722,74
21345,85
25113,33
188,31
126288,24
64284,127
79756,92
34838,121
182741,238
5282,190
111127,92
65706,51
130635,15
45994,15
111390,146
18966,86
21372,34
97030,5
44575,10
17114,51
2738,14
26525,114
16450,97
56619,20
68407,86
116116,151
112932,134
81849,51
116686,86
167368,29
145969,51
15818,29
112165,1
32796,7
25566,33
45960,109
76017,137
28526,32
548,20
110263,90
14227,108
78436,23
65469,110
77750,8
69328,29
87099,131
8453,18
5323,15
43781,99
82255,109
20700,121
3191,12
76958,92
91898,110
63176,20
482,1
81886,101
30077,140
8369,51
130346,13
37257,23
158770,164
58164,108
100310,167
57566,92
36171,143
21160,10
11733,5
805,18
69991,108
107638,86
11040,7
19162,112
5131,116
114900,23
106966,15
31813,145
66045,86
98541,5
2888,34
14064,169
154017,85
156361,167
1356,7
1361,10
548,1
60043,90
16558,90
120107,103
109768,24
59447,114
89251,142
25158,172
9364,20
122094,15
145847,5
60671,7
7286,40
73280,111
20381,121
70970,1
64284,103
11063,75
5398,126
30029,41
328,3
148036,13
81044,5
2011,33
10684,88
24613,3
21148,51
340,171
26135,5
24093,13
20661,34
183536,25
154190,143
15984,72
30289,1
16399,97
170189,116
150241,116
13679,15
4810,92
17896,202
9456,109
120988,20
20122,51
25239,68
148139,13
107248,108
12492,34
3110,20
9430,74
61380,86
48299,23
18709,3
29340,5
52091,142
37501,15
14733,74
3414,110
47569,74
35888,7
19368,108
18364,172
2036,40
20265,1
35323,3
78022,7
75934,34
32512,33
14476,72
156780,72
111127,178
9645,199
97912,108
26890,225
29740,15
62426,134
14064,103
41188,15
74460,29
46488,1
40812,114
34160,8
12318,3
2407,1
94408,7
13708,74
175115,117
40812,103
32249,58
37411,29
159849,92
105152,141
79756,5
33949,7
104014,8
7605,51
126076,134
3532,85
103731,166
89703,121
73375,192
19942,59
31892,10
28515,7
3074,3
1573,23
74668,29
96876,77
26109,5
53201,74
65813,174
95868,32
138964,8
7673,131
30518,28
12525,23
13148,3
102067,100
93311,24
6480,143
969,43
126664,43
2243,86
131393,167
29135,227
23940,20
30884,8
4517,5
64175,7
89124,25
100466,108
102291,145
67848,3
9364,1
130618,7
67676,76
109787,86
92109,103
7588,5
67329,91
109545,8
3867,110
53365,51
24847,1
2634,43
4182,85
58992,97
60827,97
14960,1
57043,25
54578,71
20774,121
6480,238
28390,5
27414,138
131210,74
12492,1
22589,43
43129,114
5219,23
42748,92
5258,43
19592,85
45962,43
95192,34
141090,169
3039,3
45960,86
74228,29
78395,114
101900,142
111078,15
17896,75
63269,92
35830,5
42966,72
91189,40
82269,108
170256,74
53731,91
6759,3
20222,109
61204,29
45662,188
9607,7
112398,171
18861,21
6611,15
169215,215
84331,8
128843,15
105152,85
74834,131
53160,106
7218,5
166233,108
26179,33
21623,71
26978,100
36212,7
91383,1
77344,90
133123,40
176523,7
61385,99
27200,121
34838,87
14206,14
7339,7
51027,103
723,106
42221,3
12939,20
155331,148
94506,13
122853,108
67853,1
151508,74
2326,108
20932,34
184789,29
48856,100
123232,129
159849,188
84090,91
160843,3
67698,114
125794,188
45579,13
28467,15
41766,121
5960,15
90658,170
36279,1
52414,134
38451,8
132721,189
6308,1
17305,7
101583,15
153185,43
129916,85
111544,119
52652,20
84220,131
9802,228
5611,204
6699,114
4780,34
72020,144
23918,8
77921,114
100171,172
92011,86
62349,86
63900,77
5398,86
8369,1
83724,116
1456,13
24507,7
60810,121
109166,43
67704,15
2450,1
30668,8
39229,126
15815,85
12698,5
15674,8
109798,212
8042,3
98899,43
84644,121
62056,111
170087,15
61380,99
83388,177
123178,72
164684,116
28006,178
9501,9
109398,77
7051,91
16808,1
62231,114
17853,40
56038,20
63903,34
87976,191
45599,3
123543,141
61481,91
4427,114
9037,7
64175,99
188,151
31578,10
26008,7
30884,142
101900,20
13708,3
29690,51
1456,10
14216,34
84677,126
6259,134
70818,51
52287,195
67012,7
19286,15
7218,8
20092,7
19350,51
9629,164
56297,40
23755,146
4548,33
21160,86
66678,1
12492,111
21185,43
1894,18
184223,196
38568,75
57464,1
49724,109
32687,1
35323,40
3519,7
73233,92
5770,33
10597,15
68213,101
3962,3
134267,127
8369,15
12843,40
20544,25
75113,25
22440,10
13577,74
375,1
128603,15
170193,7
82921,116
547,3
128734,28
6132,103
2245,8
1491,34
102399,72
25246,121
23755,109
2908,148
12538,202
11072,108
25231,33
9308,198
39551,80
39737,10
11622,142
4857,14
85094,13
17767,51
29740,50
48263,130
93865,134
3167,3
10007,5
15898,213
10941,111
19703,146
2820,9
2114,1
44445,51
113734,97
78306,108
164836,91
9638,29
49542,142
31274,107
79695,1
58675,73
13897,188
3811,19
85130,15
62279,20
3408,21
2036,107
20774,108
7684,5
184157,188
49667,43
169651,167
2763,110
185743,13
26088,5
24544,142
17114,32
4560,12
64116,29
29690,28
97065,129
12546,72
18692,15
55909,23
6481,34
1894,111
31963,43
55776,92
84675,110
11516,25
7673,1
4182,9
11063,69
92678,28
81662,15
6235,167
14239,34
34265,116
59969,134
18945,158
7844,3
141997,114
134180,188
53593,15
3189,3
39842,10
36986,180
21000,183
5040,14
7703,21
55776,43
10067,3
81849,100
2888,1
114561,34
163708,7
6480,99
144923,1
57036,7
2694,43
54636,15
310,1
16042,108
168980,24
113150,166
2011,32
38884,13
1361,34
35961,51
19116,20
13708,138
93865,86
82492,101
158730,168
3482,15
969,178
7162,20
23670,8
68308,177
1774,7
72306,1
15322,7
1279,14
32712,110
7586,1
168735,28
54672,227
40812,40
160558,29
15497,20
43151,151
24898,25
26561,58
53660,85
12618,21
19992,114
28241,15
13501,14
21411,3
146096,92
51911,108
3811,9
23702,15
94055,24
31300,188
6821,3
76758,25
63356,134
53073,51
42367,7
38483,145
15497,43
34184,1
44450,103
1395,114
9105,91
70124,7
40251,7
81813,77
18505,74
38344,85
3041,3
5373,114
32989,10
43129,117
67808,7
10520,10
62231,40
150361,148
4182,7
166173,145
